Regions;Resources;avail_local;avail_exterior;R_year_local;R_year_exterior;R_year_import;R_year_export
C1;ELECTRICITY;;1000000.0;;21.41944334748432;;
C1;GASOLINE;;1000000.0;;;;
C1;DIESEL;;1000000.0;;1.7867207224817971;;
C1;GASOLINE_RE;;;;;;
C1;DIESEL_RE;;;;;;
C1;LFO;;1.0;;;;
C1;LFO_RE;;;;;;
C1;JET_FUEL;;1.0;;;;
C1;JET_FUEL_RE;;;;;;
C1;GAS;;;;;;
C1;GAS_RE;;;;;;
C1;WOOD;26.065896;;;;;
C1;WET_BIOMASS;;;;;;
C1;ENERGY_CROPS_2;;;;;;
C1;BIOWASTE;;;;;;
C1;BIOMASS_RESIDUES;101.231438;;;;;
C1;COAL;;;;;;
C1;URANIUM;;;;;;
C1;WASTE;;;;;;
C1;H2;;;;;;
C1;H2_RE;;;;;;
C1;AMMONIA;;;;;;
C1;METHANOL;;;;;;
C1;AMMONIA_RE;;;;;;
C1;METHANOL_RE;;;;;;
C1;CO2_EMISSIONS;;1000000000000000.0;;;;
C1;RES_WIND;1000000000000000.0;;;;;
C1;RES_SOLAR;1000000000000000.0;;4.026576538200196;;;
C1;RES_HYDRO;1000000000000000.0;;;;;
C1;RES_GEO;1000000000000000.0;;;;;
C1;CO2_ATM;;1000000000000000.0;;;;
C1;CO2_INDUSTRY;;;;;;
C1;CO2_CAPTURED;;;;;;
C1;PT_HEAT;;;;;;
C1;ST_HEAT;;;;;;
C1;LPG;;1000000.0;;22.59032308746636;;
C1;LNG;;1.0;;;;
C1;CO2_EMISSIONS_CAPTURED;;1000000000000000.0;;;;
C1;CO2_EMISSIONS_ATM;;1000000000000000.0;;;;
C2;ELECTRICITY;;;;;1.0328762014899031;
C2;GASOLINE;;1000000.0;;;;
C2;DIESEL;;1000000.0;;0.2341108135008;;
C2;GASOLINE_RE;;;;;;
C2;DIESEL_RE;;;;;;
C2;LFO;;1.0;;;;
C2;LFO_RE;;;;;;
C2;JET_FUEL;;1.0;;;;
C2;JET_FUEL_RE;;;;;;
C2;GAS;;;;;;
C2;GAS_RE;;;;;;
C2;WOOD;2.793516;;;;;
C2;WET_BIOMASS;;;;;;
C2;ENERGY_CROPS_2;;;;;;
C2;BIOWASTE;;;;;;
C2;BIOMASS_RESIDUES;10.849104;;;;;
C2;COAL;;;;;;
C2;URANIUM;;;;;;
C2;WASTE;;;;;;
C2;H2;;;;;;
C2;H2_RE;;;;;;
C2;AMMONIA;;;;;;
C2;METHANOL;;;;;;
C2;AMMONIA_RE;;;;;;
C2;METHANOL_RE;;;;;;
C2;CO2_EMISSIONS;;1000000000000000.0;;;;
C2;RES_WIND;1000000000000000.0;;;;;
C2;RES_SOLAR;1000000000000000.0;;0.5114262008974285;;;
C2;RES_HYDRO;1000000000000000.0;;;;;
C2;RES_GEO;1000000000000000.0;;;;;
C2;CO2_ATM;;1000000000000000.0;;;;
C2;CO2_INDUSTRY;;;;;;
C2;CO2_CAPTURED;;;;;;
C2;PT_HEAT;;;;;;
C2;ST_HEAT;;;;;;
C2;LPG;;1000000.0;;1.670783084188854;;
C2;LNG;;1.0;;0.019456872096000073;;
C2;CO2_EMISSIONS_CAPTURED;;1000000000000000.0;;;;
C2;CO2_EMISSIONS_ATM;;1000000000000000.0;;;;
C3;ELECTRICITY;;;;;;
C3;GASOLINE;;1000000.0;;;;
C3;DIESEL;;1000000.0;;283.2828363953153;;
C3;GASOLINE_RE;;;;;;
C3;DIESEL_RE;;;;;;
C3;LFO;;1.0;;;;
C3;LFO_RE;;;;;;
C3;JET_FUEL;;1.0;;;;
C3;JET_FUEL_RE;;;;;;
C3;GAS;;;;;;
C3;GAS_RE;;;;;;
C3;WOOD;8.572901;;;;;
C3;WET_BIOMASS;;;;;;
C3;ENERGY_CROPS_2;;;;;;
C3;BIOWASTE;;;;;;
C3;BIOMASS_RESIDUES;33.29435;;;;;
C3;COAL;;;;;;
C3;URANIUM;;;;;;
C3;WASTE;;;;;;
C3;H2;;;;;;
C3;H2_RE;;;;;;
C3;AMMONIA;;;;;;
C3;METHANOL;;;;;;
C3;AMMONIA_RE;;;;;;
C3;METHANOL_RE;;;;;;
C3;CO2_EMISSIONS;;1000000000000000.0;;;;
C3;RES_WIND;1000000000000000.0;;;;;
C3;RES_SOLAR;1000000000000000.0;;15.7324739346416;;;
C3;RES_HYDRO;1000000000000000.0;;;;;
C3;RES_GEO;1000000000000000.0;;;;;
C3;CO2_ATM;;1000000000000000.0;;;;
C3;CO2_INDUSTRY;;;;;;
C3;CO2_CAPTURED;;;;;;
C3;PT_HEAT;;;;;;
C3;ST_HEAT;;;;;;
C3;LPG;;1000000.0;;84.49114596898009;;
C3;LNG;;1.0;;1.0000002665640204;;
C3;CO2_EMISSIONS_CAPTURED;;1000000000000000.0;;;;
C3;CO2_EMISSIONS_ATM;;1000000000000000.0;;;;
C4;ELECTRICITY;;;;;10.371151082963538;
C4;GASOLINE;;1000000.0;;;;
C4;DIESEL;;1000000.0;;72.33913042922937;;
C4;GASOLINE_RE;;;;;;
C4;DIESEL_RE;;;;;;
C4;LFO;;1.0;;;;
C4;LFO_RE;;;;;;
C4;JET_FUEL;;1.0;;;;
C4;JET_FUEL_RE;;;;;;
C4;GAS;;;;;;
C4;GAS_RE;;;;;;
C4;WOOD;20.660842;;;;;
C4;WET_BIOMASS;;;;;;
C4;ENERGY_CROPS_2;;;;;;
C4;BIOWASTE;;;;;;
C4;BIOMASS_RESIDUES;80.239972;;;;;
C4;COAL;;;;;;
C4;URANIUM;;;;;;
C4;WASTE;;;;;;
C4;H2;;;;;;
C4;H2_RE;;;;;;
C4;AMMONIA;;;;;;
C4;METHANOL;;;;;;
C4;AMMONIA_RE;;;;;;
C4;METHANOL_RE;;;;;;
C4;CO2_EMISSIONS;;1000000000000000.0;;;;
C4;RES_WIND;1000000000000000.0;;;;;
C4;RES_SOLAR;1000000000000000.0;;6.328581066373372;;;
C4;RES_HYDRO;1000000000000000.0;;;;;
C4;RES_GEO;1000000000000000.0;;;;;
C4;CO2_ATM;;1000000000000000.0;;;;
C4;CO2_INDUSTRY;;;;;;
C4;CO2_CAPTURED;;;;;;
C4;PT_HEAT;;;;;;
C4;ST_HEAT;;;;;;
C4;LPG;;1000000.0;;34.73918140595754;;
C4;LNG;;1.0;;0.7377393558660071;;
C4;CO2_EMISSIONS_CAPTURED;;1000000000000000.0;;;;
C4;CO2_EMISSIONS_ATM;;1000000000000000.0;;;;
C5;ELECTRICITY;;;;;;11.427028714365433
C5;GASOLINE;;1000000.0;;;;
C5;DIESEL;;1000000.0;;150.42979994606716;;
C5;GASOLINE_RE;;;;;;
C5;DIESEL_RE;;;;;;
C5;LFO;;1.0;;;;
C5;LFO_RE;;;;;;
C5;JET_FUEL;;1.0;;;;
C5;JET_FUEL_RE;;;;;;
C5;GAS;;;;;;
C5;GAS_RE;;;;;;
C5;WOOD;0.295315;;;;;
C5;WET_BIOMASS;;;;;;
C5;ENERGY_CROPS_2;;;;;;
C5;BIOWASTE;;;;;;
C5;BIOMASS_RESIDUES;1.146905;;;;;
C5;COAL;;;;;;
C5;URANIUM;;;;;;
C5;WASTE;;;;;;
C5;H2;;;;;;
C5;H2_RE;;;;;;
C5;AMMONIA;;;;;;
C5;METHANOL;;;;;;
C5;AMMONIA_RE;;;;;;
C5;METHANOL_RE;;;;;;
C5;CO2_EMISSIONS;;1000000000000000.0;;;;
C5;RES_WIND;1000000000000000.0;;;;;
C5;RES_SOLAR;1000000000000000.0;;23.210420294289822;;;
C5;RES_HYDRO;1000000000000000.0;;;;;
C5;RES_GEO;1000000000000000.0;;;;;
C5;CO2_ATM;;1000000000000000.0;;;;
C5;CO2_INDUSTRY;;;;;;
C5;CO2_CAPTURED;;;;;;
C5;PT_HEAT;;;;;;
C5;ST_HEAT;;;;;;
C5;LPG;;1000000.0;;32.68128097831835;;
C5;LNG;;1.0;;1.0000002665640022;;
C5;CO2_EMISSIONS_CAPTURED;;1000000000000000.0;;;;
C5;CO2_EMISSIONS_ATM;;1000000000000000.0;;;;
