Regions;Technologies;F;f_min;f_max;F_year
C1;NUCLEAR;;;;
C1;NUCLEAR_SMR;;;;
C1;CCGT_AMMONIA;;;;
C1;COAL_US;;;;
C1;COAL_IGCC;;;;
C1;BIOMASS_TO_POWER;;;;
C1;PV_ROOFTOP;;;;
C1;PV_UTILITY;;;1000000000000000.0;
C1;PV_HS;8.6425e-05;8.6425e-05;8.6425e-05;0.131677745778125
C1;PT_COLLECTOR;;;;
C1;ST_COLLECTOR;;;;
C1;PT_POWER_BLOCK;;;;
C1;ST_POWER_BLOCK;;;;
C1;WIND_ONSHORE;;;;
C1;WIND_OFFSHORE;;;;
C1;HYDRO_DAM;;;;
C1;HYDRO_RIVER;;;;
C1;TIDAL_STREAM;;;;
C1;TIDAL_RANGE;;;;
C1;WAVE;;;;
C1;GEOTHERMAL;;;;
C1;GENSET_DIESEL;;;;
C1;HS_DIESEL;0.00046375;0.00046375;0.00046375;0.7984436303430407
C1;OCGT;;;;
C1;CCGT;;;;
C1;ST_BIOMASS;;;;
C1;ST_SNG;;;;
C1;CCGT_SUR;;;;
C1;IND_COGEN_GAS;;;;
C1;IND_COGEN_WOOD;;;;
C1;IND_COGEN_WASTE;;;;
C1;IND_BOILER_GAS;;;;
C1;IND_BOILER_WOOD;0.0003044147206988;0.0003044147206988;1000000000000000.0;
C1;IND_BOILER_BIOWASTE;;;;
C1;IND_BOILER_OIL;7.12040237734819e-05;7.12040237734819e-05;1000000000000000.0;
C1;IND_BOILER_COAL;;;;
C1;IND_BOILER_WASTE;;;;
C1;IND_DIRECT_ELEC;;;;
C1;DHN_HP_ELEC;;;;
C1;DHN_COGEN_GAS;;;;
C1;DHN_COGEN_WOOD;;;;
C1;DHN_COGEN_WASTE;;;;
C1;DHN_BOILER_GAS;;;;
C1;DHN_BOILER_WOOD;;;;
C1;DHN_BOILER_OIL;;;;
C1;DHN_DEEP_GEO;;;;
C1;DHN_SOLAR;;;;
C1;DEC_HP_ELEC;;;;
C1;DEC_THHP_GAS;;;;
C1;DEC_COGEN_GAS;;;;
C1;DEC_COGEN_OIL;;;;
C1;DEC_ADVCOGEN_GAS;;;;
C1;DEC_ADVCOGEN_H2;;;;
C1;DEC_BOILER_GAS;;;1000000000000000.0;
C1;DEC_BOILER_WOOD;;;;
C1;DEC_BOILER_OIL;;;;
C1;DEC_SOLAR;;;;
C1;DEC_DIRECT_ELEC;0.0001105877797354;0.0001105877797354;1000000000000000.0;0.3656413999999999
C1;DEC_ELEC_COLD;0.001868447895258763;;1000000000000000.0;5.622588499096791
C1;DEC_THHP_GAS_COLD;;;;
C1;IND_ELEC_COLD;;;1000000000000000.0;
C1;TRAMWAY_TROLLEY;;;;
C1;BUS_COACH_DIESEL;;;;
C1;BUS_COACH_HYDIESEL;;;;
C1;BUS_COACH_CNG_STOICH;;;;
C1;BUS_COACH_FC_HYBRIDH2;;;;
C1;TRAIN_PUB;;;;
C1;PLANE_SHORT_HAUL;;;;
C1;PLANE_H2_SHORT_HAUL;;;;
C1;PLANE_LONG_HAUL;;;;
C1;CAR_GASOLINE;;;;
C1;CAR_DIESEL;;;;
C1;CAR_NG;;;;
C1;CAR_METHANOL;;;;
C1;CAR_HEV;;;;
C1;CAR_PHEV;;;;
C1;CAR_BEV;;;;
C1;CAR_FUEL_CELL;;;;
C1;TRAIN_FREIGHT;;;;
C1;BOAT_FREIGHT_DIESEL;;;;
C1;BOAT_FREIGHT_NG;;;;
C1;BOAT_FREIGHT_METHANOL;;;;
C1;CARGO_LFO;;;;
C1;CARGO_LNG;;;;
C1;CARGO_METHANOL;;;;
C1;CARGO_AMMONIA;;;;
C1;CARGO_FUELCELL_LH2;;;;
C1;CARGO_FUELCELL_AMMONIA;;;;
C1;CARGO_RETRO_METHANOL;;;;
C1;CARGO_RETRO_AMMONIA;;;;
C1;TRUCK_DIESEL;;;;
C1;TRUCK_METHANOL;;;;
C1;TRUCK_FUEL_CELL;;;;
C1;TRUCK_ELEC;;;;
C1;TRUCK_NG;;;;
C1;EFFICIENCY;0.9090909090909091;;1000000000000000.0;
C1;DHN;;;;
C1;GRID;1.0;;1000000000000000.0;
C1;HVAC_LINE;;;1000000000000000.0;
C1;HVDC_SUBSEA;;;;
C1;GAS_PIPELINE;;;;
C1;GAS_SUBSEA;;;;
C1;H2_RETROFITTED;;;;
C1;H2_NEW;;;;
C1;H2_SUBSEA_RETRO;;;;
C1;H2_SUBSEA_NEW;;;;
C1;H2_ELECTROLYSIS;;;;
C1;H2_NG;;;;
C1;H2_BIOMASS;;;;
C1;BIOMASS_TO_METHANE;;;;
C1;BIOWASTE_TO_METHANE;;;;
C1;SYN_METHANATION;;;;
C1;BIOMETHANATION_WET_BIOMASS;;;;
C1;BIOMETHANATION_BIOWASTE;;;;
C1;BIOMASS_TO_JET_FUEL;;;;
C1;BIOMASS_TO_LFO;;;;
C1;BIOWASTE_TO_JET_FUEL;;;;
C1;BIOWASTE_TO_LFO;;;;
C1;DIESEL_TO_JET_FUEL;;;;
C1;ATM_CCS;;;;
C1;INDUSTRY_CCS;;;;
C1;SYN_METHANOLATION;;;;
C1;METHANE_TO_METHANOL;;;;
C1;BIOMASS_TO_METHANOL;;;;
C1;BIOWASTE_TO_METHANOL;;;;
C1;HABER_BOSCH;;;;
C1;POWER_TO_JET_FUEL;;;;
C1;POWER_TO_LFO;;;;
C1;H2_TO_JET_FUEL;;;;
C1;H2_TO_LFO;;;;
C1;AMMONIA_TO_H2;;;;
C1;OIL_TO_HVC;;;1000000000000000.0;
C1;GAS_TO_HVC;;;;
C1;BIOMASS_TO_HVC;;;;
C1;METHANOL_TO_HVC;;;;
C1;BATT_LI;;;1000000000000000.0;0.0
C1;BATT_HS;;;;0.0
C1;CAES;;;;0.0
C1;BEV_BATT;;;;0.0
C1;PHEV_BATT;;;;0.0
C1;DAM_STORAGE;;;;0.0
C1;PHS;;;;0.0
C1;TS_DEC_DIRECT_ELEC;;;;0.0
C1;TS_DEC_HP_ELEC;;;;0.0
C1;TS_DEC_THHP_GAS;;;;0.0
C1;TS_DEC_COGEN_GAS;;;;0.0
C1;TS_DEC_COGEN_OIL;;;;0.0
C1;TS_DEC_ADVCOGEN_GAS;;;;0.0
C1;TS_DEC_ADVCOGEN_H2;;;;0.0
C1;TS_DEC_BOILER_GAS;;;;0.0
C1;TS_DEC_BOILER_WOOD;;;;0.0
C1;TS_DEC_BOILER_OIL;;;;0.0
C1;TS_DHN_DAILY;;;;0.0
C1;TS_DHN_SEASONAL;;;;0.0
C1;TS_HIGH_TEMP;;;;0.0
C1;GAS_STORAGE;;;;0.0
C1;H2_STORAGE;;;;0.0
C1;DIESEL_STORAGE;3.912045650817679;3.912045650817679;1000000000000000.0;2.304336192346379e-16
C1;JET_FUEL_STORAGE;0.1437471679033178;0.1437471679033178;1000000000000000.0;0.0
C1;GASOLINE_STORAGE;3.621354351614265;3.621354351614265;1000000000000000.0;0.0
C1;LFO_STORAGE;;;;0.0
C1;AMMONIA_STORAGE;;;;0.0
C1;METHANOL_STORAGE;;;;0.0
C1;PT_STORAGE;;;;0.0
C1;ST_STORAGE;;;;0.0
C1;TS_COLD;;;;0.0
C1;CO2_STORAGE;;;;0.0
C1;STOVE_WOOD;0.0041053049564687;0.0041053049564687;1000000000000000.0;
C1;STOVE_LPG;0.008818510248940346;0.0046281851372907;1000000000000000.0;14.48440308388452
C1;STOVE_NG;5.282102761992208e-05;5.282102761992208e-05;1000000000000000.0;
C1;STOVE_OIL;0.0001801424845521;0.0001801424845521;1000000000000000.0;
C1;STOVE_ELEC;;;1000000000000000.0;
C1;PLANE;;;;
C1;FERMENTATION_TO_BIOETHANOL;;;;
C1;ESTERIFICATION_TO_BIODIESEL;;;;
C1;IND_BOILER_DIESEL;3.157805516539692e-05;3.1578055165396924e-05;1000000000000000.0;
C1;IND_BOILER_LPG;;;;
C1;LPG_STORAGE;0.0665568286472938;0.0665568286472938;1000000000000000.0;0.0
C1;LNG_STORAGE;;;1000000000000000.0;0.0
C1;CAR_FG_PRIVATE;;;;
C1;BUS_FG_PRIVATE;;;;
C1;PICKUP_TRUCK_FG_PRIVATE;;;;
C1;SUV_FG_PRIVATE;;;;
C1;MOTORCYCLE_FG_PRIVATE;;;;
C1;CAR_FG_PUBLIC;;;;
C1;BUS_FG_PUBLIC;;;;
C1;PICKUP_TRUCK_FG_PUBLIC;;;;
C1;SUV_FG_PUBLIC;;;;
C1;MOTORCYCLE_FG_PUBLIC;;;;
C1;CAR_GASOLINE_PRIVATE;;;;
C1;BUS_GASOLINE_PRIVATE;;;;
C1;PICKUP_TRUCK_GASOLINE_PRIVATE;;;;
C1;SUV_GASOLINE_PRIVATE;;;;
C1;MOTORCYCLE_GASOLINE_PRIVATE;;;;
C1;CAR_GASOLINE_PUBLIC;;;;
C1;BUS_GASOLINE_PUBLIC;;;;
C1;PICKUP_TRUCK_GASOLINE_PUBLIC;;;;
C1;SUV_GASOLINE_PUBLIC;;;;
C1;MOTORCYCLE_GASOLINE_PUBLIC;;;;
C1;CAR_DIESEL_PRIVATE;;;;
C1;BUS_DIESEL_PRIVATE;;;;
C1;PICKUP_TRUCK_DIESEL_PRIVATE;;;;
C1;SUV_DIESEL_PRIVATE;;;;
C1;MOTORCYCLE_DIESEL_PRIVATE;;;;
C1;CAR_DIESEL_PUBLIC;;;;
C1;BUS_DIESEL_PUBLIC;;;;
C1;PICKUP_TRUCK_DIESEL_PUBLIC;;;;
C1;SUV_DIESEL_PUBLIC;;;;
C1;MOTORCYCLE_DIESEL_PUBLIC;;;;
C1;TRUCK_FG;;;;
C1;VAN_FG;;;;
C1;CARGO_MOTORCYCLE_FG;;;;
C1;TRUCK_GASOLINE;;;;
C1;VAN_GASOLINE;;;;
C1;CARGO_MOTORCYCLE_GASOLINE;;;;
C1;TRUCK_DIESEL_P;;;;
C1;VAN_DIESEL;;;;
C1;CARGO_MOTORCYCLE_DIESEL;;;;
C1;CONVENTIONAL_BULB;;;;
C1;LED_BULB;8.632365741033848e-05;;1000000000000000.0;0.44616726782572397
C1;CONVENTIONAL_LIGHT;;;;
C1;LED_LIGHT;6.676934037161445e-05;;1000000000000000.0;0.3450999999515917
C1;REFRIGERATOR_EL;0.0001477986567984569;;1000000000000000.0;1.294716233554482
C1;COMM_MACHINERY_DIESEL;;;1000000000000000.0;
C1;COMM_MACHINERY_EL;1.803745309088905e-05;;1000000000000000.0;0.15800808907618807
C1;IND_MACHINERY_EL;7.757492800240985e-05;;1000000000000000.0;0.6795563693011105
C1;TRACTOR_DIESEL;;;1000000000000000.0;
C1;AGR_MACHINERY_DIESEL;0.0002126480913715;0.0002126480913715;1000000000000000.0;
C1;AGR_MACHINERY_EL;;;1000000000000000.0;
C1;MIN_MACHINERY_DIESEL;;;1000000000000000.0;
C1;MIN_MACHINERY_EL;;;;
C1;FISH_MACHINERY_DIESEL;0.0532950700363054;0.0532950700363054;1000000000000000.0;
C1;FISH_MACHINERY_EL;0.0509444468387224;0.0509444468387224;1000000000000000.0;
C1;TRACTOR_EL;;;;
C1;BUS_ELEC_PUBLIC;;;;
C1;BUS_ELEC_PRIVATE;;;;
C1;PICKUP_TRUCK_ELEC_PUBLIC;;;;
C1;PICKUP_TRUCK_ELEC_PRIVATE;;;;
C1;SUV_ELEC_PUBLIC;;;;
C1;SUV_ELEC_PRIVATE;;;;
C1;MOTORCYCLE_ELEC_PUBLIC;;;;
C1;MOTORCYCLE_ELEC_PRIVATE;;;;
C1;VAN_ELEC;;;;
C1;CARGO_MOTORCYCLE_ELEC;;;;
C1;TRAIN_FREIGHT_ELEC;;;;
C1;BOAT_FREIGHT_ELEC;;;;
C1;FUEL_CELL;;;;
C1;ETHANOL_TO_FUELS;;;;
C1;BIO_HYDROLYSIS;;;;
C1;PYROLYSIS_TO_FUELS;;;;
C1;PYROLYSIS_TO_LFO;;;;
C1;FB_ST_BIOMASS;;;;
C1;CFB_ST_BIOMASS;;;;
C1;BFB_ST_BIOMASS;;;;
C1;REGASIFICATION;;;1000000000000000.0;
C1;LIQUEFACTION;;;;
C1;DIESEL_PIPELINE;;;;
C1;GASOLINE_PIPELINE;;;;
C1;LPG_PIPELINE;;;;
C1;LFO_PIPELINE;;;;
C1;JET_FUEL_PIPELINE;;;;
C1;SUV_ELEC_PRIVATE_BATT;;;;0.0
C1;MOTORCYCLE_ELEC_PRIVATE_BATT;;;;0.0
C1;BUS_ELEC_PUBLIC_BATT;;;;0.0
C2;NUCLEAR;;;;
C2;NUCLEAR_SMR;;;;
C2;CCGT_AMMONIA;;;;
C2;COAL_US;;;;
C2;COAL_IGCC;;;;
C2;BIOMASS_TO_POWER;;;;
C2;PV_ROOFTOP;;;;
C2;PV_UTILITY;2.601435522355189e-05;;1000000000000000.0;0.0389743860308107
C2;PV_HS;1.1225e-05;1.1225e-05;1.1225e-05;0.01681715650595
C2;PT_COLLECTOR;;;;
C2;ST_COLLECTOR;;;;
C2;PT_POWER_BLOCK;;;;
C2;ST_POWER_BLOCK;;;;
C2;WIND_ONSHORE;;;;
C2;WIND_OFFSHORE;;;;
C2;HYDRO_DAM;;;;
C2;HYDRO_RIVER;;;;
C2;TIDAL_STREAM;;;;
C2;TIDAL_RANGE;;;;
C2;WAVE;;;;
C2;GEOTHERMAL;;;;
C2;GENSET_DIESEL;;;;
C2;HS_DIESEL;8.425e-05;8.425e-05;8.425e-05;0.4525000818304577
C2;OCGT;;;;
C2;CCGT;;;;
C2;ST_BIOMASS;;;;
C2;ST_SNG;;;;
C2;CCGT_SUR;;;;
C2;IND_COGEN_GAS;;;;
C2;IND_COGEN_WOOD;;;;
C2;IND_COGEN_WASTE;;;;
C2;IND_BOILER_GAS;;;;
C2;IND_BOILER_WOOD;2.98533389582351e-05;2.9853338958235104e-05;1000000000000000.0;
C2;IND_BOILER_BIOWASTE;;;;
C2;IND_BOILER_OIL;;;1000000000000000.0;
C2;IND_BOILER_COAL;;;;
C2;IND_BOILER_WASTE;;;;
C2;IND_DIRECT_ELEC;;;;
C2;DHN_HP_ELEC;;;;
C2;DHN_COGEN_GAS;;;;
C2;DHN_COGEN_WOOD;;;;
C2;DHN_COGEN_WASTE;;;;
C2;DHN_BOILER_GAS;;;;
C2;DHN_BOILER_WOOD;;;;
C2;DHN_BOILER_OIL;;;;
C2;DHN_DEEP_GEO;;;;
C2;DHN_SOLAR;;;;
C2;DEC_HP_ELEC;;;;
C2;DEC_THHP_GAS;;;;
C2;DEC_COGEN_GAS;;;;
C2;DEC_COGEN_OIL;;;;
C2;DEC_ADVCOGEN_GAS;;;;
C2;DEC_ADVCOGEN_H2;;;;
C2;DEC_BOILER_GAS;;;1000000000000000.0;
C2;DEC_BOILER_WOOD;;;;
C2;DEC_BOILER_OIL;;;;
C2;DEC_SOLAR;;;;
C2;DEC_DIRECT_ELEC;1.084512097674765e-05;1.0845120976747648e-05;1000000000000000.0;0.0171676
C2;DEC_ELEC_COLD;5.745726635331983e-05;;1000000000000000.0;0.15709962295925659
C2;DEC_THHP_GAS_COLD;;;;
C2;IND_ELEC_COLD;;;1000000000000000.0;
C2;TRAMWAY_TROLLEY;;;;
C2;BUS_COACH_DIESEL;;;;
C2;BUS_COACH_HYDIESEL;;;;
C2;BUS_COACH_CNG_STOICH;;;;
C2;BUS_COACH_FC_HYBRIDH2;;;;
C2;TRAIN_PUB;;;;
C2;PLANE_SHORT_HAUL;;;;
C2;PLANE_H2_SHORT_HAUL;;;;
C2;PLANE_LONG_HAUL;;;;
C2;CAR_GASOLINE;;;;
C2;CAR_DIESEL;;;;
C2;CAR_NG;;;;
C2;CAR_METHANOL;;;;
C2;CAR_HEV;;;;
C2;CAR_PHEV;;;;
C2;CAR_BEV;;;;
C2;CAR_FUEL_CELL;;;;
C2;TRAIN_FREIGHT;;;;
C2;BOAT_FREIGHT_DIESEL;;;;
C2;BOAT_FREIGHT_NG;;;;
C2;BOAT_FREIGHT_METHANOL;;;;
C2;CARGO_LFO;;;;
C2;CARGO_LNG;;;;
C2;CARGO_METHANOL;;;;
C2;CARGO_AMMONIA;;;;
C2;CARGO_FUELCELL_LH2;;;;
C2;CARGO_FUELCELL_AMMONIA;;;;
C2;CARGO_RETRO_METHANOL;;;;
C2;CARGO_RETRO_AMMONIA;;;;
C2;TRUCK_DIESEL;;;;
C2;TRUCK_METHANOL;;;;
C2;TRUCK_FUEL_CELL;;;;
C2;TRUCK_ELEC;;;;
C2;TRUCK_NG;;;;
C2;EFFICIENCY;0.9090909090909091;;1000000000000000.0;
C2;DHN;;;;
C2;GRID;1.0;;1000000000000000.0;
C2;HVAC_LINE;0.001239330177213904;;1000000000000000.0;
C2;HVDC_SUBSEA;;;;
C2;GAS_PIPELINE;;;;
C2;GAS_SUBSEA;;;;
C2;H2_RETROFITTED;;;;
C2;H2_NEW;;;;
C2;H2_SUBSEA_RETRO;;;;
C2;H2_SUBSEA_NEW;;;;
C2;H2_ELECTROLYSIS;;;;
C2;H2_NG;;;;
C2;H2_BIOMASS;;;;
C2;BIOMASS_TO_METHANE;;;;
C2;BIOWASTE_TO_METHANE;;;;
C2;SYN_METHANATION;;;;
C2;BIOMETHANATION_WET_BIOMASS;;;;
C2;BIOMETHANATION_BIOWASTE;;;;
C2;BIOMASS_TO_JET_FUEL;;;;
C2;BIOMASS_TO_LFO;;;;
C2;BIOWASTE_TO_JET_FUEL;;;;
C2;BIOWASTE_TO_LFO;;;;
C2;DIESEL_TO_JET_FUEL;;;;
C2;ATM_CCS;;;;
C2;INDUSTRY_CCS;;;;
C2;SYN_METHANOLATION;;;;
C2;METHANE_TO_METHANOL;;;;
C2;BIOMASS_TO_METHANOL;;;;
C2;BIOWASTE_TO_METHANOL;;;;
C2;HABER_BOSCH;;;;
C2;POWER_TO_JET_FUEL;;;;
C2;POWER_TO_LFO;;;;
C2;H2_TO_JET_FUEL;;;;
C2;H2_TO_LFO;;;;
C2;AMMONIA_TO_H2;;;;
C2;OIL_TO_HVC;;;1000000000000000.0;
C2;GAS_TO_HVC;;;;
C2;BIOMASS_TO_HVC;;;;
C2;METHANOL_TO_HVC;;;;
C2;BATT_LI;;;1000000000000000.0;0.0
C2;BATT_HS;;;;0.0
C2;CAES;;;;0.0
C2;BEV_BATT;;;;0.0
C2;PHEV_BATT;;;;0.0
C2;DAM_STORAGE;;;;0.0
C2;PHS;;;;0.0
C2;TS_DEC_DIRECT_ELEC;;;;0.0
C2;TS_DEC_HP_ELEC;;;;0.0
C2;TS_DEC_THHP_GAS;;;;0.0
C2;TS_DEC_COGEN_GAS;;;;0.0
C2;TS_DEC_COGEN_OIL;;;;0.0
C2;TS_DEC_ADVCOGEN_GAS;;;;0.0
C2;TS_DEC_ADVCOGEN_H2;;;;0.0
C2;TS_DEC_BOILER_GAS;;;;0.0
C2;TS_DEC_BOILER_WOOD;;;;0.0
C2;TS_DEC_BOILER_OIL;;;;0.0
C2;TS_DHN_DAILY;;;;0.0
C2;TS_DHN_SEASONAL;;;;0.0
C2;TS_HIGH_TEMP;;;;0.0
C2;GAS_STORAGE;;;;0.0
C2;H2_STORAGE;;;;0.0
C2;DIESEL_STORAGE;0.3836464431347247;0.3836464431347247;1000000000000000.0;-5.908630789502878e-16
C2;JET_FUEL_STORAGE;0.0140969954339032;0.0140969954339032;1000000000000000.0;0.0
C2;GASOLINE_STORAGE;0.3551389325011788;0.3551389325011788;1000000000000000.0;0.0
C2;LFO_STORAGE;;;;0.0
C2;AMMONIA_STORAGE;;;;0.0
C2;METHANOL_STORAGE;;;;0.0
C2;PT_STORAGE;;;;0.0
C2;ST_STORAGE;;;;0.0
C2;TS_COLD;;;;0.0
C2;CO2_STORAGE;;;;0.0
C2;STOVE_WOOD;0.0002782148066971;0.0002782148066971;1000000000000000.0;
C2;STOVE_LPG;0.000560028923013244;0.0003698620371385;1000000000000000.0;0.9198475060492529
C2;STOVE_NG;;;1000000000000000.0;
C2;STOVE_OIL;1.766621088418493e-05;1.7666210884184928e-05;1000000000000000.0;
C2;STOVE_ELEC;0.0001222821304116648;;1000000000000000.0;0.15134395635693065
C2;PLANE;;;;
C2;FERMENTATION_TO_BIOETHANOL;;;;
C2;ESTERIFICATION_TO_BIODIESEL;;;;
C2;IND_BOILER_DIESEL;;;1000000000000000.0;
C2;IND_BOILER_LPG;;;;
C2;LPG_STORAGE;0.1043875305743896;0.0065270942253765;1000000000000000.0;-2.1737440406705e-15
C2;LNG_STORAGE;;;1000000000000000.0;0.0
C2;CAR_FG_PRIVATE;;;;
C2;BUS_FG_PRIVATE;;;;
C2;PICKUP_TRUCK_FG_PRIVATE;;;;
C2;SUV_FG_PRIVATE;;;;
C2;MOTORCYCLE_FG_PRIVATE;;;;
C2;CAR_FG_PUBLIC;;;;
C2;BUS_FG_PUBLIC;;;;
C2;PICKUP_TRUCK_FG_PUBLIC;;;;
C2;SUV_FG_PUBLIC;;;;
C2;MOTORCYCLE_FG_PUBLIC;;;;
C2;CAR_GASOLINE_PRIVATE;;;;
C2;BUS_GASOLINE_PRIVATE;;;;
C2;PICKUP_TRUCK_GASOLINE_PRIVATE;;;;
C2;SUV_GASOLINE_PRIVATE;;;;
C2;MOTORCYCLE_GASOLINE_PRIVATE;;;;
C2;CAR_GASOLINE_PUBLIC;;;;
C2;BUS_GASOLINE_PUBLIC;;;;
C2;PICKUP_TRUCK_GASOLINE_PUBLIC;;;;
C2;SUV_GASOLINE_PUBLIC;;;;
C2;MOTORCYCLE_GASOLINE_PUBLIC;;;;
C2;CAR_DIESEL_PRIVATE;;;;
C2;BUS_DIESEL_PRIVATE;;;;
C2;PICKUP_TRUCK_DIESEL_PRIVATE;;;;
C2;SUV_DIESEL_PRIVATE;;;;
C2;MOTORCYCLE_DIESEL_PRIVATE;;;;
C2;CAR_DIESEL_PUBLIC;;;;
C2;BUS_DIESEL_PUBLIC;;;;
C2;PICKUP_TRUCK_DIESEL_PUBLIC;;;;
C2;SUV_DIESEL_PUBLIC;;;;
C2;MOTORCYCLE_DIESEL_PUBLIC;;;;
C2;TRUCK_FG;;;;
C2;VAN_FG;;;;
C2;CARGO_MOTORCYCLE_FG;;;;
C2;TRUCK_GASOLINE;;;;
C2;VAN_GASOLINE;;;;
C2;CARGO_MOTORCYCLE_GASOLINE;;;;
C2;TRUCK_DIESEL_P;;;;
C2;VAN_DIESEL;;;;
C2;CARGO_MOTORCYCLE_DIESEL;;;;
C2;CONVENTIONAL_BULB;;;;
C2;LED_BULB;;;1000000000000000.0;0.017554743438090215
C2;CONVENTIONAL_LIGHT;;;;
C2;LED_LIGHT;;;1000000000000000.0;0.003304799999536437
C2;REFRIGERATOR_EL;;;1000000000000000.0;0.027514797929450104
C2;COMM_MACHINERY_DIESEL;;;1000000000000000.0;0.01133139864651153
C2;COMM_MACHINERY_EL;;;1000000000000000.0;0.0053364803733438665
C2;IND_MACHINERY_EL;;;1000000000000000.0;0.0178848668345584
C2;TRACTOR_DIESEL;;;1000000000000000.0;
C2;AGR_MACHINERY_DIESEL;2.085397032037124e-05;2.0853970320371244e-05;1000000000000000.0;
C2;AGR_MACHINERY_EL;;;1000000000000000.0;
C2;MIN_MACHINERY_DIESEL;;;1000000000000000.0;
C2;MIN_MACHINERY_EL;;;;
C2;FISH_MACHINERY_DIESEL;0.0052265402505645;0.0052265402505645;1000000000000000.0;
C2;FISH_MACHINERY_EL;0.0049960193647169;0.0049960193647169;1000000000000000.0;
C2;TRACTOR_EL;;;;
C2;BUS_ELEC_PUBLIC;;;;
C2;BUS_ELEC_PRIVATE;;;;
C2;PICKUP_TRUCK_ELEC_PUBLIC;;;;
C2;PICKUP_TRUCK_ELEC_PRIVATE;;;;
C2;SUV_ELEC_PUBLIC;;;;
C2;SUV_ELEC_PRIVATE;;;;
C2;MOTORCYCLE_ELEC_PUBLIC;;;;
C2;MOTORCYCLE_ELEC_PRIVATE;;;;
C2;VAN_ELEC;;;;
C2;CARGO_MOTORCYCLE_ELEC;;;;
C2;TRAIN_FREIGHT_ELEC;;;;
C2;BOAT_FREIGHT_ELEC;;;;
C2;FUEL_CELL;;;;
C2;ETHANOL_TO_FUELS;;;;
C2;BIO_HYDROLYSIS;;;;
C2;PYROLYSIS_TO_FUELS;;;;
C2;PYROLYSIS_TO_LFO;;;;
C2;FB_ST_BIOMASS;;;;
C2;CFB_ST_BIOMASS;;;;
C2;BFB_ST_BIOMASS;;;;
C2;REGASIFICATION;;;1000000000000000.0;
C2;LIQUEFACTION;;;;
C2;DIESEL_PIPELINE;;;;
C2;GASOLINE_PIPELINE;;;;
C2;LPG_PIPELINE;;;;
C2;LFO_PIPELINE;;;;
C2;JET_FUEL_PIPELINE;;;;
C2;SUV_ELEC_PRIVATE_BATT;;;;0.0
C2;MOTORCYCLE_ELEC_PRIVATE_BATT;;;;0.0
C2;BUS_ELEC_PUBLIC_BATT;;;;0.0
C3;NUCLEAR;;;;
C3;NUCLEAR_SMR;;;;
C3;CCGT_AMMONIA;;;;
C3;COAL_US;;;;
C3;COAL_IGCC;;;;
C3;BIOMASS_TO_POWER;;;;
C3;PV_ROOFTOP;;;;
C3;PV_UTILITY;0.08604297454933507;;1000000000000000.0;125.77229261764832
C3;PV_HS;6.9275e-05;6.9275e-05;6.9275e-05;0.10607159392500003
C3;PT_COLLECTOR;;;;
C3;ST_COLLECTOR;;;;
C3;PT_POWER_BLOCK;;;;
C3;ST_POWER_BLOCK;;;;
C3;WIND_ONSHORE;;;;
C3;WIND_OFFSHORE;;;;
C3;HYDRO_DAM;;;;
C3;HYDRO_RIVER;;;;
C3;TIDAL_STREAM;;;;
C3;TIDAL_RANGE;;;;
C3;WAVE;;;;
C3;GEOTHERMAL;;;;
C3;GENSET_DIESEL;0.0533299999999999;0.0533299999999999;0.0533299999999999;3.817729085970356
C3;HS_DIESEL;0.00044425;0.00044425;0.00044425;2.145754902969831
C3;OCGT;;;;
C3;CCGT;;;;
C3;ST_BIOMASS;;;;
C3;ST_SNG;;;;
C3;CCGT_SUR;;;;
C3;IND_COGEN_GAS;;;;
C3;IND_COGEN_WOOD;;;;
C3;IND_COGEN_WASTE;;;;
C3;IND_BOILER_GAS;;;;
C3;IND_BOILER_WOOD;0.0005863463781422;0.0005863463781422;1000000000000000.0;
C3;IND_BOILER_BIOWASTE;;;;
C3;IND_BOILER_OIL;0.0001371491541305;0.0001371491541305;1000000000000000.0;
C3;IND_BOILER_COAL;;;;
C3;IND_BOILER_WASTE;;;;
C3;IND_DIRECT_ELEC;;;;
C3;DHN_HP_ELEC;;;;
C3;DHN_COGEN_GAS;;;;
C3;DHN_COGEN_WOOD;;;;
C3;DHN_COGEN_WASTE;;;;
C3;DHN_BOILER_GAS;;;;
C3;DHN_BOILER_WOOD;;;;
C3;DHN_BOILER_OIL;;;;
C3;DHN_DEEP_GEO;;;;
C3;DHN_SOLAR;;;;
C3;DEC_HP_ELEC;;;;
C3;DEC_THHP_GAS;;;;
C3;DEC_COGEN_GAS;;;;
C3;DEC_COGEN_OIL;;;;
C3;DEC_ADVCOGEN_GAS;;;;
C3;DEC_ADVCOGEN_H2;;;;
C3;DEC_BOILER_GAS;;;1000000000000000.0;
C3;DEC_BOILER_WOOD;;;;
C3;DEC_BOILER_OIL;;;;
C3;DEC_SOLAR;;;;
C3;DEC_DIRECT_ELEC;0.0002848851712328767;0.0002130079122515;1000000000000000.0;2.4955941
C3;DEC_ELEC_COLD;0.01129710555319874;;1000000000000000.0;41.24535372918307
C3;DEC_THHP_GAS_COLD;;;;
C3;IND_ELEC_COLD;;;1000000000000000.0;
C3;TRAMWAY_TROLLEY;;;;
C3;BUS_COACH_DIESEL;;;;
C3;BUS_COACH_HYDIESEL;;;;
C3;BUS_COACH_CNG_STOICH;;;;
C3;BUS_COACH_FC_HYBRIDH2;;;;
C3;TRAIN_PUB;;;;
C3;PLANE_SHORT_HAUL;;;;
C3;PLANE_H2_SHORT_HAUL;;;;
C3;PLANE_LONG_HAUL;;;;
C3;CAR_GASOLINE;;;;
C3;CAR_DIESEL;;;;
C3;CAR_NG;;;;
C3;CAR_METHANOL;;;;
C3;CAR_HEV;;;;
C3;CAR_PHEV;;;;
C3;CAR_BEV;;;;
C3;CAR_FUEL_CELL;;;;
C3;TRAIN_FREIGHT;;;;
C3;BOAT_FREIGHT_DIESEL;;;;
C3;BOAT_FREIGHT_NG;;;;
C3;BOAT_FREIGHT_METHANOL;;;;
C3;CARGO_LFO;;;;
C3;CARGO_LNG;;;;
C3;CARGO_METHANOL;;;;
C3;CARGO_AMMONIA;;;;
C3;CARGO_FUELCELL_LH2;;;;
C3;CARGO_FUELCELL_AMMONIA;;;;
C3;CARGO_RETRO_METHANOL;;;;
C3;CARGO_RETRO_AMMONIA;;;;
C3;TRUCK_DIESEL;;;;
C3;TRUCK_METHANOL;;;;
C3;TRUCK_FUEL_CELL;;;;
C3;TRUCK_ELEC;;;;
C3;TRUCK_NG;;;;
C3;EFFICIENCY;0.9090909090909091;;1000000000000000.0;
C3;DHN;;;;
C3;GRID;1.0;;1000000000000000.0;
C3;HVAC_LINE;0.1324108796052261;;1000000000000000.0;
C3;HVDC_SUBSEA;;;;
C3;GAS_PIPELINE;;;;
C3;GAS_SUBSEA;;;;
C3;H2_RETROFITTED;;;;
C3;H2_NEW;;;;
C3;H2_SUBSEA_RETRO;;;;
C3;H2_SUBSEA_NEW;;;;
C3;H2_ELECTROLYSIS;;;;
C3;H2_NG;;;;
C3;H2_BIOMASS;;;;
C3;BIOMASS_TO_METHANE;;;;
C3;BIOWASTE_TO_METHANE;;;;
C3;SYN_METHANATION;;;;
C3;BIOMETHANATION_WET_BIOMASS;;;;
C3;BIOMETHANATION_BIOWASTE;;;;
C3;BIOMASS_TO_JET_FUEL;;;;
C3;BIOMASS_TO_LFO;;;;
C3;BIOWASTE_TO_JET_FUEL;;;;
C3;BIOWASTE_TO_LFO;;;;
C3;DIESEL_TO_JET_FUEL;;;;
C3;ATM_CCS;;;;
C3;INDUSTRY_CCS;;;;
C3;SYN_METHANOLATION;;;;
C3;METHANE_TO_METHANOL;;;;
C3;BIOMASS_TO_METHANOL;;;;
C3;BIOWASTE_TO_METHANOL;;;;
C3;HABER_BOSCH;;;;
C3;POWER_TO_JET_FUEL;;;;
C3;POWER_TO_LFO;;;;
C3;H2_TO_JET_FUEL;;;;
C3;H2_TO_LFO;;;;
C3;AMMONIA_TO_H2;;;;
C3;OIL_TO_HVC;;;1000000000000000.0;
C3;GAS_TO_HVC;;;;
C3;BIOMASS_TO_HVC;;;;
C3;METHANOL_TO_HVC;;;;
C3;BATT_LI;0.1345834634115435;;1000000000000000.0;-4.719095522374835
C3;BATT_HS;;;;0.0
C3;CAES;;;;0.0
C3;BEV_BATT;;;;0.0
C3;PHEV_BATT;;;;0.0
C3;DAM_STORAGE;;;;0.0
C3;PHS;;;;0.0
C3;TS_DEC_DIRECT_ELEC;;;;0.0
C3;TS_DEC_HP_ELEC;;;;0.0
C3;TS_DEC_THHP_GAS;;;;0.0
C3;TS_DEC_COGEN_GAS;;;;0.0
C3;TS_DEC_COGEN_OIL;;;;0.0
C3;TS_DEC_ADVCOGEN_GAS;;;;0.0
C3;TS_DEC_ADVCOGEN_H2;;;;0.0
C3;TS_DEC_BOILER_GAS;;;;0.0
C3;TS_DEC_BOILER_WOOD;;;;0.0
C3;TS_DEC_BOILER_OIL;;;;0.0
C3;TS_DHN_DAILY;;;;0.0
C3;TS_DHN_SEASONAL;;;;0.0
C3;TS_HIGH_TEMP;;;;0.0
C3;GAS_STORAGE;;;;0.0
C3;H2_STORAGE;;;;0.0
C3;DIESEL_STORAGE;7.535160563912947;7.535160563912947;1000000000000000.0;1.0643829567724694e-13
C3;JET_FUEL_STORAGE;0.2768776459786088;0.2768776459786088;1000000000000000.0;0.0
C3;GASOLINE_STORAGE;6.975247462292479;6.975247462292479;1000000000000000.0;0.0
C3;LFO_STORAGE;;;;0.0
C3;AMMONIA_STORAGE;;;;0.0
C3;METHANOL_STORAGE;;;;0.0
C3;PT_STORAGE;;;;0.0
C3;ST_STORAGE;;;;0.0
C3;TS_COLD;;;;0.0
C3;CO2_STORAGE;;;;0.0
C3;STOVE_WOOD;0.0047255603196347;0.0047255603196347;1000000000000000.0;
C3;STOVE_LPG;0.02621781507862399;0.0086082934307458;1000000000000000.0;43.062761266639946
C3;STOVE_NG;0.0001017408690473;0.0001017408690473;1000000000000000.0;
C3;STOVE_OIL;0.0003469802417053;0.0003469802417053;1000000000000000.0;
C3;STOVE_ELEC;0.00676907710786288;;1000000000000000.0;11.118209149664773
C3;PLANE;;;;
C3;FERMENTATION_TO_BIOETHANOL;;;;
C3;ESTERIFICATION_TO_BIODIESEL;;;;
C3;IND_BOILER_DIESEL;6.082385974141995e-05;6.082385974141995e-05;1000000000000000.0;
C3;IND_BOILER_LPG;;;;
C3;LPG_STORAGE;5.285042664028873;0.1281979903218602;1000000000000000.0;-1.2867918536274559e-13
C3;LNG_STORAGE;;;1000000000000000.0;0.0
C3;CAR_FG_PRIVATE;;;;
C3;BUS_FG_PRIVATE;;;;
C3;PICKUP_TRUCK_FG_PRIVATE;;;;
C3;SUV_FG_PRIVATE;;;;
C3;MOTORCYCLE_FG_PRIVATE;;;;
C3;CAR_FG_PUBLIC;;;;
C3;BUS_FG_PUBLIC;;;;
C3;PICKUP_TRUCK_FG_PUBLIC;;;;
C3;SUV_FG_PUBLIC;;;;
C3;MOTORCYCLE_FG_PUBLIC;;;;
C3;CAR_GASOLINE_PRIVATE;;;;
C3;BUS_GASOLINE_PRIVATE;;;;
C3;PICKUP_TRUCK_GASOLINE_PRIVATE;;;;
C3;SUV_GASOLINE_PRIVATE;;;;
C3;MOTORCYCLE_GASOLINE_PRIVATE;;;;
C3;CAR_GASOLINE_PUBLIC;;;;
C3;BUS_GASOLINE_PUBLIC;;;;
C3;PICKUP_TRUCK_GASOLINE_PUBLIC;;;;
C3;SUV_GASOLINE_PUBLIC;;;;
C3;MOTORCYCLE_GASOLINE_PUBLIC;;;;
C3;CAR_DIESEL_PRIVATE;;;;
C3;BUS_DIESEL_PRIVATE;;;;
C3;PICKUP_TRUCK_DIESEL_PRIVATE;;;;
C3;SUV_DIESEL_PRIVATE;;;;
C3;MOTORCYCLE_DIESEL_PRIVATE;;;;
C3;CAR_DIESEL_PUBLIC;;;;
C3;BUS_DIESEL_PUBLIC;;;;
C3;PICKUP_TRUCK_DIESEL_PUBLIC;;;;
C3;SUV_DIESEL_PUBLIC;;;;
C3;MOTORCYCLE_DIESEL_PUBLIC;;;;
C3;TRUCK_FG;;;;
C3;VAN_FG;;;;
C3;CARGO_MOTORCYCLE_FG;;;;
C3;TRUCK_GASOLINE;;;;
C3;VAN_GASOLINE;;;;
C3;CARGO_MOTORCYCLE_GASOLINE;;;;
C3;TRUCK_DIESEL_P;;;;
C3;VAN_DIESEL;;;;
C3;CARGO_MOTORCYCLE_DIESEL;;;;
C3;CONVENTIONAL_BULB;;;;
C3;LED_BULB;0.0004229617404846772;;1000000000000000.0;2.25074523692679
C3;CONVENTIONAL_LIGHT;;;;
C3;LED_LIGHT;0.000342138370518129;;1000000000000000.0;1.8206523997445805
C3;REFRIGERATOR_EL;0.0009960064563879168;;1000000000000000.0;8.725016557958156
C3;COMM_MACHINERY_DIESEL;7.696023969797643e-05;1.4990922401171302e-05;1000000000000000.0;0.4322087061438356
C3;COMM_MACHINERY_EL;7.696023969797643e-05;;1000000000000000.0;0.24196299361043788
C3;IND_MACHINERY_EL;0.0007284394689360601;;1000000000000000.0;6.381129747879897
C3;TRACTOR_DIESEL;;;1000000000000000.0;
C3;AGR_MACHINERY_DIESEL;0.0004095906988609;0.0004095906988609;1000000000000000.0;
C3;AGR_MACHINERY_EL;;;1000000000000000.0;
C3;MIN_MACHINERY_DIESEL;;;1000000000000000.0;
C3;MIN_MACHINERY_EL;;;;
C3;FISH_MACHINERY_DIESEL;0.1026539426769238;0.1026539426769238;1000000000000000.0;
C3;FISH_MACHINERY_EL;0.0981263055274586;0.0981263055274586;1000000000000000.0;
C3;TRACTOR_EL;;;;
C3;BUS_ELEC_PUBLIC;;;;
C3;BUS_ELEC_PRIVATE;;;;
C3;PICKUP_TRUCK_ELEC_PUBLIC;;;;
C3;PICKUP_TRUCK_ELEC_PRIVATE;;;;
C3;SUV_ELEC_PUBLIC;;;;
C3;SUV_ELEC_PRIVATE;;;;
C3;MOTORCYCLE_ELEC_PUBLIC;;;;
C3;MOTORCYCLE_ELEC_PRIVATE;;;;
C3;VAN_ELEC;;;;
C3;CARGO_MOTORCYCLE_ELEC;;;;
C3;TRAIN_FREIGHT_ELEC;;;;
C3;BOAT_FREIGHT_ELEC;;;;
C3;FUEL_CELL;;;;
C3;ETHANOL_TO_FUELS;;;;
C3;BIO_HYDROLYSIS;;;;
C3;PYROLYSIS_TO_FUELS;;;;
C3;PYROLYSIS_TO_LFO;;;;
C3;FB_ST_BIOMASS;;;;
C3;CFB_ST_BIOMASS;;;;
C3;BFB_ST_BIOMASS;;;;
C3;REGASIFICATION;;;1000000000000000.0;
C3;LIQUEFACTION;;;;
C3;DIESEL_PIPELINE;;;;
C3;GASOLINE_PIPELINE;;;;
C3;LPG_PIPELINE;;;;
C3;LFO_PIPELINE;;;;
C3;JET_FUEL_PIPELINE;;;;
C3;SUV_ELEC_PRIVATE_BATT;;;;0.0
C3;MOTORCYCLE_ELEC_PRIVATE_BATT;;;;0.0
C3;BUS_ELEC_PUBLIC_BATT;;;;0.0
C4;NUCLEAR;;;;
C4;NUCLEAR_SMR;;;;
C4;CCGT_AMMONIA;;;;
C4;COAL_US;;;;
C4;COAL_IGCC;;;;
C4;BIOMASS_TO_POWER;;;;
C4;PV_ROOFTOP;;;;
C4;PV_UTILITY;0.02435998482126714;;1000000000000000.0;33.264208028352044
C4;PV_HS;7.095e-05;7.095e-05;7.095e-05;0.10223873715000001
C4;PT_COLLECTOR;;;;
C4;ST_COLLECTOR;;;;
C4;PT_POWER_BLOCK;;;;
C4;ST_POWER_BLOCK;;;;
C4;WIND_ONSHORE;;;;
C4;WIND_OFFSHORE;;;;
C4;HYDRO_DAM;;;;
C4;HYDRO_RIVER;;;;
C4;TIDAL_STREAM;;;;
C4;TIDAL_RANGE;;;;
C4;WAVE;;;;
C4;GEOTHERMAL;;;;
C4;GENSET_DIESEL;0.0074199999999999;0.0074199999999999;0.0074199999999999;0.34297304682629015
C4;HS_DIESEL;0.0011675;0.0011675;0.0011675;6.379394260631613
C4;OCGT;;;;
C4;CCGT;;;;
C4;ST_BIOMASS;;;;
C4;ST_SNG;;;;
C4;CCGT_SUR;;;;
C4;IND_COGEN_GAS;;;;
C4;IND_COGEN_WOOD;;;;
C4;IND_COGEN_WASTE;;;;
C4;IND_BOILER_GAS;;;;
C4;IND_BOILER_WOOD;0.0005863463781422;0.0005863463781422;1000000000000000.0;
C4;IND_BOILER_BIOWASTE;;;;
C4;IND_BOILER_OIL;0.0001371491541305;0.0001371491541305;1000000000000000.0;
C4;IND_BOILER_COAL;;;;
C4;IND_BOILER_WASTE;;;;
C4;IND_DIRECT_ELEC;;;;
C4;DHN_HP_ELEC;;;;
C4;DHN_COGEN_GAS;;;;
C4;DHN_COGEN_WOOD;;;;
C4;DHN_COGEN_WASTE;;;;
C4;DHN_BOILER_GAS;;;;
C4;DHN_BOILER_WOOD;;;;
C4;DHN_BOILER_OIL;;;;
C4;DHN_DEEP_GEO;;;;
C4;DHN_SOLAR;;;;
C4;DEC_HP_ELEC;;;;
C4;DEC_THHP_GAS;;;;
C4;DEC_COGEN_GAS;;;;
C4;DEC_COGEN_OIL;;;;
C4;DEC_ADVCOGEN_GAS;;;;
C4;DEC_ADVCOGEN_H2;;;;
C4;DEC_BOILER_GAS;;;1000000000000000.0;
C4;DEC_BOILER_WOOD;;;;
C4;DEC_BOILER_OIL;;;;
C4;DEC_SOLAR;;;;
C4;DEC_DIRECT_ELEC;0.0002130079122515;0.0002130079122515;1000000000000000.0;0.6509526999999999
C4;DEC_ELEC_COLD;0.003243951764671944;;1000000000000000.0;11.475421124110126
C4;DEC_THHP_GAS_COLD;;;;
C4;IND_ELEC_COLD;;;1000000000000000.0;
C4;TRAMWAY_TROLLEY;;;;
C4;BUS_COACH_DIESEL;;;;
C4;BUS_COACH_HYDIESEL;;;;
C4;BUS_COACH_CNG_STOICH;;;;
C4;BUS_COACH_FC_HYBRIDH2;;;;
C4;TRAIN_PUB;;;;
C4;PLANE_SHORT_HAUL;;;;
C4;PLANE_H2_SHORT_HAUL;;;;
C4;PLANE_LONG_HAUL;;;;
C4;CAR_GASOLINE;;;;
C4;CAR_DIESEL;;;;
C4;CAR_NG;;;;
C4;CAR_METHANOL;;;;
C4;CAR_HEV;;;;
C4;CAR_PHEV;;;;
C4;CAR_BEV;;;;
C4;CAR_FUEL_CELL;;;;
C4;TRAIN_FREIGHT;;;;
C4;BOAT_FREIGHT_DIESEL;;;;
C4;BOAT_FREIGHT_NG;;;;
C4;BOAT_FREIGHT_METHANOL;;;;
C4;CARGO_LFO;;;;
C4;CARGO_LNG;;;;
C4;CARGO_METHANOL;;;;
C4;CARGO_AMMONIA;;;;
C4;CARGO_FUELCELL_LH2;;;;
C4;CARGO_FUELCELL_AMMONIA;;;;
C4;CARGO_RETRO_METHANOL;;;;
C4;CARGO_RETRO_AMMONIA;;;;
C4;TRUCK_DIESEL;;;;
C4;TRUCK_METHANOL;;;;
C4;TRUCK_FUEL_CELL;;;;
C4;TRUCK_ELEC;;;;
C4;TRUCK_NG;;;;
C4;EFFICIENCY;0.9090909090909091;;1000000000000000.0;
C4;DHN;;;;
C4;GRID;1.0;;1000000000000000.0;
C4;HVAC_LINE;0.5088250796052262;;1000000000000000.0;
C4;HVDC_SUBSEA;;;;
C4;GAS_PIPELINE;;;1000000000000000.0;
C4;GAS_SUBSEA;;;;
C4;H2_RETROFITTED;;;;
C4;H2_NEW;;;;
C4;H2_SUBSEA_RETRO;;;;
C4;H2_SUBSEA_NEW;;;;
C4;H2_ELECTROLYSIS;;;;
C4;H2_NG;;;;
C4;H2_BIOMASS;;;;
C4;BIOMASS_TO_METHANE;;;;
C4;BIOWASTE_TO_METHANE;;;;
C4;SYN_METHANATION;;;;
C4;BIOMETHANATION_WET_BIOMASS;;;;
C4;BIOMETHANATION_BIOWASTE;;;;
C4;BIOMASS_TO_JET_FUEL;;;;
C4;BIOMASS_TO_LFO;;;;
C4;BIOWASTE_TO_JET_FUEL;;;;
C4;BIOWASTE_TO_LFO;;;;
C4;DIESEL_TO_JET_FUEL;;;;
C4;ATM_CCS;;;;
C4;INDUSTRY_CCS;;;;
C4;SYN_METHANOLATION;;;;
C4;METHANE_TO_METHANOL;;;;
C4;BIOMASS_TO_METHANOL;;;;
C4;BIOWASTE_TO_METHANOL;;;;
C4;HABER_BOSCH;;;;
C4;POWER_TO_JET_FUEL;;;;
C4;POWER_TO_LFO;;;;
C4;H2_TO_JET_FUEL;;;;
C4;H2_TO_LFO;;;;
C4;AMMONIA_TO_H2;;;;
C4;OIL_TO_HVC;;;1000000000000000.0;
C4;GAS_TO_HVC;;;;
C4;BIOMASS_TO_HVC;;;;
C4;METHANOL_TO_HVC;;;;
C4;BATT_LI;0.02524786115440633;;1000000000000000.0;-0.9510432699856984
C4;BATT_HS;;;;0.0
C4;CAES;;;;0.0
C4;BEV_BATT;;;;0.0
C4;PHEV_BATT;;;;0.0
C4;DAM_STORAGE;;;;0.0
C4;PHS;;;;0.0
C4;TS_DEC_DIRECT_ELEC;;;;0.0
C4;TS_DEC_HP_ELEC;;;;0.0
C4;TS_DEC_THHP_GAS;;;;0.0
C4;TS_DEC_COGEN_GAS;;;;0.0
C4;TS_DEC_COGEN_OIL;;;;0.0
C4;TS_DEC_ADVCOGEN_GAS;;;;0.0
C4;TS_DEC_ADVCOGEN_H2;;;;0.0
C4;TS_DEC_BOILER_GAS;;;;0.0
C4;TS_DEC_BOILER_WOOD;;;;0.0
C4;TS_DEC_BOILER_OIL;;;;0.0
C4;TS_DHN_DAILY;;;;0.0
C4;TS_DHN_SEASONAL;;;;0.0
C4;TS_HIGH_TEMP;;;;0.0
C4;GAS_STORAGE;;;;0.0
C4;H2_STORAGE;;;;0.0
C4;DIESEL_STORAGE;7.535160563912947;7.535160563912947;1000000000000000.0;4.077033849414491e-15
C4;JET_FUEL_STORAGE;0.2768776459786088;0.2768776459786088;1000000000000000.0;0.0
C4;GASOLINE_STORAGE;6.975247462292479;6.975247462292479;1000000000000000.0;0.0
C4;LFO_STORAGE;;;;0.0
C4;AMMONIA_STORAGE;;;;0.0
C4;METHANOL_STORAGE;;;;0.0
C4;PT_STORAGE;;;;0.0
C4;ST_STORAGE;;;;0.0
C4;TS_COLD;;;;0.0
C4;CO2_STORAGE;;;;0.0
C4;STOVE_WOOD;0.0047255603196347;0.0047255603196347;1000000000000000.0;
C4;STOVE_LPG;0.01144552957299384;0.0086082934307458;1000000000000000.0;18.799282323642363
C4;STOVE_NG;0.0001017408690473;0.0001017408690473;1000000000000000.0;
C4;STOVE_OIL;0.0003469802417053;0.0003469802417053;1000000000000000.0;
C4;STOVE_ELEC;0.002542612157717808;;1000000000000000.0;3.4740001779656344
C4;PLANE;;;1000000000000000.0;
C4;FERMENTATION_TO_BIOETHANOL;;;;
C4;ESTERIFICATION_TO_BIODIESEL;;;;
C4;IND_BOILER_DIESEL;6.082385974141995e-05;6.082385974141995e-05;1000000000000000.0;
C4;IND_BOILER_LPG;;;;
C4;LPG_STORAGE;2.134439224356305;0.1281979903218602;1000000000000000.0;5.447118450740973e-14
C4;LNG_STORAGE;;;;0.0
C4;CAR_FG_PRIVATE;;;;
C4;BUS_FG_PRIVATE;;;;
C4;PICKUP_TRUCK_FG_PRIVATE;;;;
C4;SUV_FG_PRIVATE;;;;
C4;MOTORCYCLE_FG_PRIVATE;;;;
C4;CAR_FG_PUBLIC;;;;
C4;BUS_FG_PUBLIC;;;;
C4;PICKUP_TRUCK_FG_PUBLIC;;;;
C4;SUV_FG_PUBLIC;;;;
C4;MOTORCYCLE_FG_PUBLIC;;;;
C4;CAR_GASOLINE_PRIVATE;;;;
C4;BUS_GASOLINE_PRIVATE;;;;
C4;PICKUP_TRUCK_GASOLINE_PRIVATE;;;;
C4;SUV_GASOLINE_PRIVATE;;;;
C4;MOTORCYCLE_GASOLINE_PRIVATE;;;;
C4;CAR_GASOLINE_PUBLIC;;;;
C4;BUS_GASOLINE_PUBLIC;;;;
C4;PICKUP_TRUCK_GASOLINE_PUBLIC;;;;
C4;SUV_GASOLINE_PUBLIC;;;;
C4;MOTORCYCLE_GASOLINE_PUBLIC;;;;
C4;CAR_DIESEL_PRIVATE;;;;
C4;BUS_DIESEL_PRIVATE;;;;
C4;PICKUP_TRUCK_DIESEL_PRIVATE;;;;
C4;SUV_DIESEL_PRIVATE;;;;
C4;MOTORCYCLE_DIESEL_PRIVATE;;;;
C4;CAR_DIESEL_PUBLIC;;;;
C4;BUS_DIESEL_PUBLIC;;;;
C4;PICKUP_TRUCK_DIESEL_PUBLIC;;;;
C4;SUV_DIESEL_PUBLIC;;;;
C4;MOTORCYCLE_DIESEL_PUBLIC;;;;
C4;TRUCK_FG;;;;
C4;VAN_FG;;;;
C4;CARGO_MOTORCYCLE_FG;;;;
C4;TRUCK_GASOLINE;;;;
C4;VAN_GASOLINE;;;;
C4;CARGO_MOTORCYCLE_GASOLINE;;;;
C4;TRUCK_DIESEL_P;;;;
C4;VAN_DIESEL;;;;
C4;CARGO_MOTORCYCLE_DIESEL;;;;
C4;CONVENTIONAL_BULB;;;;
C4;LED_BULB;0.0001517200244679317;;1000000000000000.0;0.8127622703819419
C4;CONVENTIONAL_LIGHT;;;;
C4;LED_LIGHT;7.122816730759878e-05;;1000000000000000.0;0.38156839994647546
C4;REFRIGERATOR_EL;0.0002430429345737769;;1000000000000000.0;2.129056106866294
C4;COMM_MACHINERY_DIESEL;3.469224486329994e-05;1.4990922401171302e-05;1000000000000000.0;0.20534339734587234
C4;COMM_MACHINERY_EL;3.469224486329994e-05;;1000000000000000.0;0.09856066765663513
C4;IND_MACHINERY_EL;0.0001610424194516984;;1000000000000000.0;1.4107315943968777
C4;TRACTOR_DIESEL;;;1000000000000000.0;
C4;AGR_MACHINERY_DIESEL;0.0004095906988609;0.0004095906988609;1000000000000000.0;
C4;AGR_MACHINERY_EL;;;1000000000000000.0;
C4;MIN_MACHINERY_DIESEL;;;1000000000000000.0;
C4;MIN_MACHINERY_EL;;;;
C4;FISH_MACHINERY_DIESEL;0.1026539426769238;0.1026539426769238;1000000000000000.0;
C4;FISH_MACHINERY_EL;0.0981263055274586;0.0981263055274586;1000000000000000.0;
C4;TRACTOR_EL;;;;
C4;BUS_ELEC_PUBLIC;;;;
C4;BUS_ELEC_PRIVATE;;;;
C4;PICKUP_TRUCK_ELEC_PUBLIC;;;;
C4;PICKUP_TRUCK_ELEC_PRIVATE;;;;
C4;SUV_ELEC_PUBLIC;;;;
C4;SUV_ELEC_PRIVATE;;;;
C4;MOTORCYCLE_ELEC_PUBLIC;;;;
C4;MOTORCYCLE_ELEC_PRIVATE;;;;
C4;VAN_ELEC;;;;
C4;CARGO_MOTORCYCLE_ELEC;;;;
C4;TRAIN_FREIGHT_ELEC;;;;
C4;BOAT_FREIGHT_ELEC;;;;
C4;FUEL_CELL;;;;
C4;ETHANOL_TO_FUELS;;;;
C4;BIO_HYDROLYSIS;;;;
C4;PYROLYSIS_TO_FUELS;;;;
C4;PYROLYSIS_TO_LFO;;;;
C4;FB_ST_BIOMASS;;;;
C4;CFB_ST_BIOMASS;;;;
C4;BFB_ST_BIOMASS;;;;
C4;REGASIFICATION;;;1000000000000000.0;
C4;LIQUEFACTION;;;;
C4;DIESEL_PIPELINE;;;1000000000000000.0;
C4;GASOLINE_PIPELINE;;;1000000000000000.0;
C4;LPG_PIPELINE;;;1000000000000000.0;
C4;LFO_PIPELINE;;;1000000000000000.0;
C4;JET_FUEL_PIPELINE;;;1000000000000000.0;
C4;SUV_ELEC_PRIVATE_BATT;;;;0.0
C4;MOTORCYCLE_ELEC_PRIVATE_BATT;;;;0.0
C4;BUS_ELEC_PUBLIC_BATT;;;;0.0
C5;NUCLEAR;;;;
C5;NUCLEAR_SMR;;;;
C5;CCGT_AMMONIA;;;;
C5;COAL_US;;;;
C5;COAL_IGCC;;;;
C5;BIOMASS_TO_POWER;;;;
C5;PV_ROOFTOP;;;;
C5;PV_UTILITY;0.03612670273162726;0.0051;1000000000000000.0;51.29690388521283
C5;PV_HS;;;;0.013470818399999999
C5;PT_COLLECTOR;;;;
C5;ST_COLLECTOR;;;;
C5;PT_POWER_BLOCK;;;;
C5;ST_POWER_BLOCK;;;;
C5;WIND_ONSHORE;;;;
C5;WIND_OFFSHORE;;;;
C5;HYDRO_DAM;;;;
C5;HYDRO_RIVER;;;;
C5;TIDAL_STREAM;;;;
C5;TIDAL_RANGE;;;;
C5;WAVE;;;;
C5;GEOTHERMAL;;;;
C5;GENSET_DIESEL;0.02736;0.02736;0.02736;3.091431237854048
C5;HS_DIESEL;3.625e-05;3.625e-05;3.625e-05;0.26973969554455446
C5;OCGT;;;;
C5;CCGT;;;;
C5;ST_BIOMASS;;;;
C5;ST_SNG;;;;
C5;CCGT_SUR;;;;
C5;IND_COGEN_GAS;;;;
C5;IND_COGEN_WOOD;;;;
C5;IND_COGEN_WASTE;;;;
C5;IND_BOILER_GAS;;;;
C5;IND_BOILER_WOOD;0.0005793483385859;0.0005793483385859;1000000000000000.0;
C5;IND_BOILER_BIOWASTE;;;;
C5;IND_BOILER_OIL;0.0001355122800208;0.0001355122800208;1000000000000000.0;
C5;IND_BOILER_COAL;;;;
C5;IND_BOILER_WASTE;;;;
C5;IND_DIRECT_ELEC;;;;
C5;DHN_HP_ELEC;;;;
C5;DHN_COGEN_GAS;;;;
C5;DHN_COGEN_WOOD;;;;
C5;DHN_COGEN_WASTE;;;;
C5;DHN_BOILER_GAS;;;;
C5;DHN_BOILER_WOOD;;;;
C5;DHN_BOILER_OIL;;;;
C5;DHN_DEEP_GEO;;;;
C5;DHN_SOLAR;;;;
C5;DEC_HP_ELEC;;;;
C5;DEC_THHP_GAS;;;;
C5;DEC_COGEN_GAS;;;;
C5;DEC_COGEN_OIL;;;;
C5;DEC_ADVCOGEN_GAS;;;;
C5;DEC_ADVCOGEN_H2;;;;
C5;DEC_BOILER_GAS;;;1000000000000000.0;
C5;DEC_BOILER_WOOD;;;;
C5;DEC_BOILER_OIL;;;;
C5;DEC_SOLAR;;;;
C5;DEC_DIRECT_ELEC;0.0002104656644415;0.0002104656644415;1000000000000000.0;1.5720480000000003
C5;DEC_ELEC_COLD;0.007762488320986269;;1000000000000000.0;23.83280885572205
C5;DEC_THHP_GAS_COLD;;;;
C5;IND_ELEC_COLD;;;1000000000000000.0;
C5;TRAMWAY_TROLLEY;;;;
C5;BUS_COACH_DIESEL;;;;
C5;BUS_COACH_HYDIESEL;;;;
C5;BUS_COACH_CNG_STOICH;;;;
C5;BUS_COACH_FC_HYBRIDH2;;;;
C5;TRAIN_PUB;;;;
C5;PLANE_SHORT_HAUL;;;;
C5;PLANE_H2_SHORT_HAUL;;;;
C5;PLANE_LONG_HAUL;;;;
C5;CAR_GASOLINE;;;;
C5;CAR_DIESEL;;;;
C5;CAR_NG;;;;
C5;CAR_METHANOL;;;;
C5;CAR_HEV;;;;
C5;CAR_PHEV;;;;
C5;CAR_BEV;;;;
C5;CAR_FUEL_CELL;;;;
C5;TRAIN_FREIGHT;;;;
C5;BOAT_FREIGHT_DIESEL;;;;
C5;BOAT_FREIGHT_NG;;;;
C5;BOAT_FREIGHT_METHANOL;;;;
C5;CARGO_LFO;;;;
C5;CARGO_LNG;;;;
C5;CARGO_METHANOL;;;;
C5;CARGO_AMMONIA;;;;
C5;CARGO_FUELCELL_LH2;;;;
C5;CARGO_FUELCELL_AMMONIA;;;;
C5;CARGO_RETRO_METHANOL;;;;
C5;CARGO_RETRO_AMMONIA;;;;
C5;TRUCK_DIESEL;;;;
C5;TRUCK_METHANOL;;;;
C5;TRUCK_FUEL_CELL;;;;
C5;TRUCK_ELEC;;;;
C5;TRUCK_NG;;;;
C5;EFFICIENCY;0.9090909090909091;;1000000000000000.0;
C5;DHN;;;;
C5;GRID;1.0;;1000000000000000.0;
C5;HVAC_LINE;0.3776535301772139;;1000000000000000.0;
C5;HVDC_SUBSEA;;;;
C5;GAS_PIPELINE;;;;
C5;GAS_SUBSEA;;;;
C5;H2_RETROFITTED;;;;
C5;H2_NEW;;;;
C5;H2_SUBSEA_RETRO;;;;
C5;H2_SUBSEA_NEW;;;;
C5;H2_ELECTROLYSIS;;;;
C5;H2_NG;;;;
C5;H2_BIOMASS;;;;
C5;BIOMASS_TO_METHANE;;;;
C5;BIOWASTE_TO_METHANE;;;;
C5;SYN_METHANATION;;;;
C5;BIOMETHANATION_WET_BIOMASS;;;;
C5;BIOMETHANATION_BIOWASTE;;;;
C5;BIOMASS_TO_JET_FUEL;;;;
C5;BIOMASS_TO_LFO;;;;
C5;BIOWASTE_TO_JET_FUEL;;;;
C5;BIOWASTE_TO_LFO;;;;
C5;DIESEL_TO_JET_FUEL;;;;
C5;ATM_CCS;;;;
C5;INDUSTRY_CCS;;;;
C5;SYN_METHANOLATION;;;;
C5;METHANE_TO_METHANOL;;;;
C5;BIOMASS_TO_METHANOL;;;;
C5;BIOWASTE_TO_METHANOL;;;;
C5;HABER_BOSCH;;;;
C5;POWER_TO_JET_FUEL;;;;
C5;POWER_TO_LFO;;;;
C5;H2_TO_JET_FUEL;;;;
C5;H2_TO_LFO;;;;
C5;AMMONIA_TO_H2;;;;
C5;OIL_TO_HVC;;;1000000000000000.0;
C5;GAS_TO_HVC;;;;
C5;BIOMASS_TO_HVC;;;;
C5;METHANOL_TO_HVC;;;;
C5;BATT_LI;0.05605451534925593;;1000000000000000.0;-1.9188802336844624
C5;BATT_HS;;;;0.0
C5;CAES;;;;0.0
C5;BEV_BATT;;;;0.0
C5;PHEV_BATT;;;;0.0
C5;DAM_STORAGE;;;;0.0
C5;PHS;;;;0.0
C5;TS_DEC_DIRECT_ELEC;;;;0.0
C5;TS_DEC_HP_ELEC;;;;0.0
C5;TS_DEC_THHP_GAS;;;;0.0
C5;TS_DEC_COGEN_GAS;;;;0.0
C5;TS_DEC_COGEN_OIL;;;;0.0
C5;TS_DEC_ADVCOGEN_GAS;;;;0.0
C5;TS_DEC_ADVCOGEN_H2;;;;0.0
C5;TS_DEC_BOILER_GAS;;;;0.0
C5;TS_DEC_BOILER_WOOD;;;;0.0
C5;TS_DEC_BOILER_OIL;;;;0.0
C5;TS_DHN_DAILY;;;;0.0
C5;TS_DHN_SEASONAL;;;;0.0
C5;TS_HIGH_TEMP;;;;0.0
C5;GAS_STORAGE;;;;0.0
C5;H2_STORAGE;;;;0.0
C5;DIESEL_STORAGE;7.445228479986103;7.445228479986103;1000000000000000.0;-1.094935773993111e-14
C5;JET_FUEL_STORAGE;0.2735731133831302;0.2735731133831302;1000000000000000.0;0.0
C5;GASOLINE_STORAGE;6.891997936968012;6.891997936968012;1000000000000000.0;0.0
C5;LFO_STORAGE;;;;0.0
C5;AMMONIA_STORAGE;;;;0.0
C5;METHANOL_STORAGE;;;;0.0
C5;PT_STORAGE;;;;0.0
C5;ST_STORAGE;;;;0.0
C5;TS_COLD;;;;0.0
C5;CO2_STORAGE;;;;0.0
C5;STOVE_WOOD;0.000245483652968;0.000245483652968;1000000000000000.0;
C5;STOVE_LPG;0.0120254258800608;0.0120254258800608;1000000000000000.0;18.142329819772193
C5;STOVE_NG;0.0001005265925503;0.0001005265925503;1000000000000000.0;
C5;STOVE_OIL;0.0003428390351639;0.0003428390351639;1000000000000000.0;
C5;STOVE_ELEC;0.002392574261250974;;1000000000000000.0;2.8166207087863397
C5;PLANE;;;;
C5;FERMENTATION_TO_BIOETHANOL;;;;
C5;ESTERIFICATION_TO_BIODIESEL;;;;
C5;IND_BOILER_DIESEL;6.009792743876715e-05;6.009792743876715e-05;1000000000000000.0;
C5;IND_BOILER_LPG;;;;
C5;LPG_STORAGE;2.035180008165416;0.1266679482839913;1000000000000000.0;-2.1010320219727596e-14
C5;LNG_STORAGE;;;1000000000000000.0;0.0
C5;CAR_FG_PRIVATE;;;;
C5;BUS_FG_PRIVATE;;;;
C5;PICKUP_TRUCK_FG_PRIVATE;;;;
C5;SUV_FG_PRIVATE;;;;
C5;MOTORCYCLE_FG_PRIVATE;;;;
C5;CAR_FG_PUBLIC;;;;
C5;BUS_FG_PUBLIC;;;;
C5;PICKUP_TRUCK_FG_PUBLIC;;;;
C5;SUV_FG_PUBLIC;;;;
C5;MOTORCYCLE_FG_PUBLIC;;;;
C5;CAR_GASOLINE_PRIVATE;;;;
C5;BUS_GASOLINE_PRIVATE;;;;
C5;PICKUP_TRUCK_GASOLINE_PRIVATE;;;;
C5;SUV_GASOLINE_PRIVATE;;;;
C5;MOTORCYCLE_GASOLINE_PRIVATE;;;;
C5;CAR_GASOLINE_PUBLIC;;;;
C5;BUS_GASOLINE_PUBLIC;;;;
C5;PICKUP_TRUCK_GASOLINE_PUBLIC;;;;
C5;SUV_GASOLINE_PUBLIC;;;;
C5;MOTORCYCLE_GASOLINE_PUBLIC;;;;
C5;CAR_DIESEL_PRIVATE;;;;
C5;BUS_DIESEL_PRIVATE;;;;
C5;PICKUP_TRUCK_DIESEL_PRIVATE;;;;
C5;SUV_DIESEL_PRIVATE;;;;
C5;MOTORCYCLE_DIESEL_PRIVATE;;;;
C5;CAR_DIESEL_PUBLIC;;;;
C5;BUS_DIESEL_PUBLIC;;;;
C5;PICKUP_TRUCK_DIESEL_PUBLIC;;;;
C5;SUV_DIESEL_PUBLIC;;;;
C5;MOTORCYCLE_DIESEL_PUBLIC;;;;
C5;TRUCK_FG;;;;
C5;VAN_FG;;;;
C5;CARGO_MOTORCYCLE_FG;;;;
C5;TRUCK_GASOLINE;;;;
C5;VAN_GASOLINE;;;;
C5;CARGO_MOTORCYCLE_GASOLINE;;;;
C5;TRUCK_DIESEL_P;;;;
C5;VAN_DIESEL;;;;
C5;CARGO_MOTORCYCLE_DIESEL;;;;
C5;CONVENTIONAL_BULB;;;;
C5;LED_BULB;0.0002200987184409561;;1000000000000000.0;1.0547416525204536
C5;CONVENTIONAL_LIGHT;;;;
C5;LED_LIGHT;0.0001566327318904849;;1000000000000000.0;0.7506043998946855
C5;REFRIGERATOR_EL;0.000645998978117376;;1000000000000000.0;5.658951048308213
C5;COMM_MACHINERY_DIESEL;4.913632140906517e-05;1.4812005856515373e-05;1000000000000000.0;0.29154414829552255
C5;COMM_MACHINERY_EL;4.913632140906517e-05;;1000000000000000.0;0.13889002724788835
C5;IND_MACHINERY_EL;0.0003772379114205534;;1000000000000000.0;3.3046041040440555
C5;TRACTOR_DIESEL;;;1000000000000000.0;
C5;AGR_MACHINERY_DIESEL;0.0004047022369903;0.0004047022369903;1000000000000000.0;
C5;AGR_MACHINERY_EL;;;1000000000000000.0;
C5;MIN_MACHINERY_DIESEL;;;1000000000000000.0;
C5;MIN_MACHINERY_EL;;;;
C5;FISH_MACHINERY_DIESEL;0.1014287686531007;0.1014287686531007;1000000000000000.0;
C5;FISH_MACHINERY_EL;0.0969551688185224;0.0969551688185224;1000000000000000.0;
C5;TRACTOR_EL;;;;
C5;BUS_ELEC_PUBLIC;;;;
C5;BUS_ELEC_PRIVATE;;;;
C5;PICKUP_TRUCK_ELEC_PUBLIC;;;;
C5;PICKUP_TRUCK_ELEC_PRIVATE;;;;
C5;SUV_ELEC_PUBLIC;;;;
C5;SUV_ELEC_PRIVATE;;;;
C5;MOTORCYCLE_ELEC_PUBLIC;;;;
C5;MOTORCYCLE_ELEC_PRIVATE;;;;
C5;VAN_ELEC;;;;
C5;CARGO_MOTORCYCLE_ELEC;;;;
C5;TRAIN_FREIGHT_ELEC;;;;
C5;BOAT_FREIGHT_ELEC;;;;
C5;FUEL_CELL;;;;
C5;ETHANOL_TO_FUELS;;;;
C5;BIO_HYDROLYSIS;;;;
C5;PYROLYSIS_TO_FUELS;;;;
C5;PYROLYSIS_TO_LFO;;;;
C5;FB_ST_BIOMASS;;;;
C5;CFB_ST_BIOMASS;;;;
C5;BFB_ST_BIOMASS;;;;
C5;REGASIFICATION;;;1000000000000000.0;
C5;LIQUEFACTION;;;;
C5;DIESEL_PIPELINE;;;;
C5;GASOLINE_PIPELINE;;;;
C5;LPG_PIPELINE;;;;
C5;LFO_PIPELINE;;;;
C5;JET_FUEL_PIPELINE;;;;
C5;SUV_ELEC_PRIVATE_BATT;;;;0.0
C5;MOTORCYCLE_ELEC_PRIVATE_BATT;;;;0.0
C5;BUS_ELEC_PUBLIC_BATT;;;;0.0
