Regions;Elements;GWP_constr;GWP_op;CO2_net
C1;NUCLEAR;;;
C1;NUCLEAR_SMR;;;
C1;CCGT_AMMONIA;;;
C1;COAL_US;;;
C1;COAL_IGCC;;;
C1;BIOMASS_TO_POWER;;;
C1;PV_ROOFTOP;;;
C1;PV_UTILITY;;;
C1;PV_HS;0.0089943793875;;
C1;PT_COLLECTOR;;;
C1;ST_COLLECTOR;;;
C1;PT_POWER_BLOCK;;;
C1;ST_POWER_BLOCK;;;
C1;WIND_ONSHORE;;;
C1;WIND_OFFSHORE;;;
C1;HYDRO_DAM;;;
C1;HYDRO_RIVER;;;
C1;TIDAL_STREAM;;;
C1;TIDAL_RANGE;;;
C1;WAVE;;;
C1;GEOTHERMAL;;;
C1;GENSET_DIESEL;;;
C1;HS_DIESEL;0.0479100125;;
C1;OCGT;;;
C1;CCGT;;;
C1;ST_BIOMASS;;;
C1;ST_SNG;;;
C1;CCGT_SUR;;;
C1;IND_COGEN_GAS;;;
C1;IND_COGEN_WOOD;;;
C1;IND_COGEN_WASTE;;;
C1;IND_BOILER_GAS;;;
C1;IND_BOILER_WOOD;0.000516967822739668;;
C1;IND_BOILER_BIOWASTE;;;
C1;IND_BOILER_OIL;5.1601974875841e-05;;
C1;IND_BOILER_COAL;;;
C1;IND_BOILER_WASTE;;;
C1;IND_DIRECT_ELEC;;;
C1;DHN_HP_ELEC;;;
C1;DHN_COGEN_GAS;;;
C1;DHN_COGEN_WOOD;;;
C1;DHN_COGEN_WASTE;;;
C1;DHN_BOILER_GAS;;;
C1;DHN_BOILER_WOOD;;;
C1;DHN_BOILER_OIL;;;
C1;DHN_DEEP_GEO;;;
C1;DHN_SOLAR;;;
C1;DEC_HP_ELEC;;;
C1;DEC_THHP_GAS;;;
C1;DEC_COGEN_GAS;;;
C1;DEC_COGEN_OIL;;;
C1;DEC_ADVCOGEN_GAS;;;
C1;DEC_ADVCOGEN_H2;;;
C1;DEC_BOILER_GAS;;;
C1;DEC_BOILER_WOOD;;;
C1;DEC_BOILER_OIL;;;
C1;DEC_SOLAR;;;
C1;DEC_DIRECT_ELEC;1.08376024140692e-05;;
C1;DEC_ELEC_COLD;0.015404418672460876;;
C1;DEC_THHP_GAS_COLD;;;
C1;IND_ELEC_COLD;;;
C1;TRAMWAY_TROLLEY;;;
C1;BUS_COACH_DIESEL;;;
C1;BUS_COACH_HYDIESEL;;;
C1;BUS_COACH_CNG_STOICH;;;
C1;BUS_COACH_FC_HYBRIDH2;;;
C1;TRAIN_PUB;;;
C1;PLANE_SHORT_HAUL;;;
C1;PLANE_H2_SHORT_HAUL;;;
C1;PLANE_LONG_HAUL;;;
C1;CAR_GASOLINE;;;
C1;CAR_DIESEL;;;
C1;CAR_NG;;;
C1;CAR_METHANOL;;;
C1;CAR_HEV;;;
C1;CAR_PHEV;;;
C1;CAR_BEV;;;
C1;CAR_FUEL_CELL;;;
C1;TRAIN_FREIGHT;;;
C1;BOAT_FREIGHT_DIESEL;;;
C1;BOAT_FREIGHT_NG;;;
C1;BOAT_FREIGHT_METHANOL;;;
C1;CARGO_LFO;;;
C1;CARGO_LNG;;;
C1;CARGO_METHANOL;;;
C1;CARGO_AMMONIA;;;
C1;CARGO_FUELCELL_LH2;;;
C1;CARGO_FUELCELL_AMMONIA;;;
C1;CARGO_RETRO_METHANOL;;;
C1;CARGO_RETRO_AMMONIA;;;
C1;TRUCK_DIESEL;;;
C1;TRUCK_METHANOL;;;
C1;TRUCK_FUEL_CELL;;;
C1;TRUCK_ELEC;;;
C1;TRUCK_NG;;;
C1;EFFICIENCY;;;
C1;DHN;;;
C1;GRID;;;
C1;HVAC_LINE;;;
C1;HVDC_SUBSEA;;;
C1;GAS_PIPELINE;;;
C1;GAS_SUBSEA;;;
C1;H2_RETROFITTED;;;
C1;H2_NEW;;;
C1;H2_SUBSEA_RETRO;;;
C1;H2_SUBSEA_NEW;;;
C1;H2_ELECTROLYSIS;;;
C1;H2_NG;;;
C1;H2_BIOMASS;;;
C1;BIOMASS_TO_METHANE;;;
C1;BIOWASTE_TO_METHANE;;;
C1;SYN_METHANATION;;;
C1;BIOMETHANATION_WET_BIOMASS;;;
C1;BIOMETHANATION_BIOWASTE;;;
C1;BIOMASS_TO_JET_FUEL;;;
C1;BIOMASS_TO_LFO;;;
C1;BIOWASTE_TO_JET_FUEL;;;
C1;BIOWASTE_TO_LFO;;;
C1;DIESEL_TO_JET_FUEL;;;
C1;ATM_CCS;;;
C1;INDUSTRY_CCS;;;
C1;SYN_METHANOLATION;;;
C1;METHANE_TO_METHANOL;;;
C1;BIOMASS_TO_METHANOL;;;
C1;BIOWASTE_TO_METHANOL;;;
C1;HABER_BOSCH;;;
C1;POWER_TO_JET_FUEL;;;
C1;POWER_TO_LFO;;;
C1;H2_TO_JET_FUEL;;;
C1;H2_TO_LFO;;;
C1;AMMONIA_TO_H2;;;
C1;OIL_TO_HVC;;;
C1;GAS_TO_HVC;;;
C1;BIOMASS_TO_HVC;;;
C1;METHANOL_TO_HVC;;;
C1;BATT_LI;;;
C1;BATT_HS;;;
C1;CAES;;;
C1;BEV_BATT;;;
C1;PHEV_BATT;;;
C1;DAM_STORAGE;;;
C1;PHS;;;
C1;TS_DEC_DIRECT_ELEC;;;
C1;TS_DEC_HP_ELEC;;;
C1;TS_DEC_THHP_GAS;;;
C1;TS_DEC_COGEN_GAS;;;
C1;TS_DEC_COGEN_OIL;;;
C1;TS_DEC_ADVCOGEN_GAS;;;
C1;TS_DEC_ADVCOGEN_H2;;;
C1;TS_DEC_BOILER_GAS;;;
C1;TS_DEC_BOILER_WOOD;;;
C1;TS_DEC_BOILER_OIL;;;
C1;TS_DHN_DAILY;;;
C1;TS_DHN_SEASONAL;;;
C1;TS_HIGH_TEMP;;;
C1;GAS_STORAGE;;;
C1;H2_STORAGE;;;
C1;DIESEL_STORAGE;;;
C1;JET_FUEL_STORAGE;;;
C1;GASOLINE_STORAGE;;;
C1;LFO_STORAGE;;;
C1;AMMONIA_STORAGE;;;
C1;METHANOL_STORAGE;;;
C1;PT_STORAGE;;;
C1;ST_STORAGE;;;
C1;TS_COLD;;;
C1;CO2_STORAGE;;;
C1;STOVE_WOOD;0.03078978717351525;;
C1;STOVE_LPG;0.0661388268670526;;
C1;STOVE_NG;0.0003961577071494156;;
C1;STOVE_OIL;0.00135106863414075;;
C1;STOVE_ELEC;;;
C1;PLANE;;;
C1;FERMENTATION_TO_BIOETHANOL;;;
C1;ESTERIFICATION_TO_BIODIESEL;;;
C1;IND_BOILER_DIESEL;0.0006524657758274311;;
C1;IND_BOILER_LPG;;;
C1;LPG_STORAGE;;;
C1;LNG_STORAGE;;;
C1;CAR_FG_PRIVATE;;;
C1;BUS_FG_PRIVATE;;;
C1;PICKUP_TRUCK_FG_PRIVATE;;;
C1;SUV_FG_PRIVATE;;;
C1;MOTORCYCLE_FG_PRIVATE;;;
C1;CAR_FG_PUBLIC;;;
C1;BUS_FG_PUBLIC;;;
C1;PICKUP_TRUCK_FG_PUBLIC;;;
C1;SUV_FG_PUBLIC;;;
C1;MOTORCYCLE_FG_PUBLIC;;;
C1;CAR_GASOLINE_PRIVATE;;;
C1;BUS_GASOLINE_PRIVATE;;;
C1;PICKUP_TRUCK_GASOLINE_PRIVATE;;;
C1;SUV_GASOLINE_PRIVATE;;;
C1;MOTORCYCLE_GASOLINE_PRIVATE;;;
C1;CAR_GASOLINE_PUBLIC;;;
C1;BUS_GASOLINE_PUBLIC;;;
C1;PICKUP_TRUCK_GASOLINE_PUBLIC;;;
C1;SUV_GASOLINE_PUBLIC;;;
C1;MOTORCYCLE_GASOLINE_PUBLIC;;;
C1;CAR_DIESEL_PRIVATE;;;
C1;BUS_DIESEL_PRIVATE;;;
C1;PICKUP_TRUCK_DIESEL_PRIVATE;;;
C1;SUV_DIESEL_PRIVATE;;;
C1;MOTORCYCLE_DIESEL_PRIVATE;;;
C1;CAR_DIESEL_PUBLIC;;;
C1;BUS_DIESEL_PUBLIC;;;
C1;PICKUP_TRUCK_DIESEL_PUBLIC;;;
C1;SUV_DIESEL_PUBLIC;;;
C1;MOTORCYCLE_DIESEL_PUBLIC;;;
C1;TRUCK_FG;;;
C1;VAN_FG;;;
C1;CARGO_MOTORCYCLE_FG;;;
C1;TRUCK_GASOLINE;;;
C1;VAN_GASOLINE;;;
C1;CARGO_MOTORCYCLE_GASOLINE;;;
C1;TRUCK_DIESEL_P;;;
C1;VAN_DIESEL;;;
C1;CARGO_MOTORCYCLE_DIESEL;;;
C1;CONVENTIONAL_BULB;;;
C1;LED_BULB;;;
C1;CONVENTIONAL_LIGHT;;;
C1;LED_LIGHT;;;
C1;REFRIGERATOR_EL;;;
C1;COMM_MACHINERY_DIESEL;;;
C1;COMM_MACHINERY_EL;;;
C1;IND_MACHINERY_EL;;;
C1;TRACTOR_DIESEL;;;
C1;AGR_MACHINERY_DIESEL;;;
C1;AGR_MACHINERY_EL;;;
C1;MIN_MACHINERY_DIESEL;;;
C1;MIN_MACHINERY_EL;;;
C1;FISH_MACHINERY_DIESEL;;;
C1;FISH_MACHINERY_EL;;;
C1;TRACTOR_EL;;;
C1;BUS_ELEC_PUBLIC;;;
C1;BUS_ELEC_PRIVATE;;;
C1;PICKUP_TRUCK_ELEC_PUBLIC;;;
C1;PICKUP_TRUCK_ELEC_PRIVATE;;;
C1;SUV_ELEC_PUBLIC;;;
C1;SUV_ELEC_PRIVATE;;;
C1;MOTORCYCLE_ELEC_PUBLIC;;;
C1;MOTORCYCLE_ELEC_PRIVATE;;;
C1;VAN_ELEC;;;
C1;CARGO_MOTORCYCLE_ELEC;;;
C1;TRAIN_FREIGHT_ELEC;;;
C1;BOAT_FREIGHT_ELEC;;;
C1;FUEL_CELL;;;
C1;ETHANOL_TO_FUELS;;;
C1;BIO_HYDROLYSIS;;;
C1;PYROLYSIS_TO_FUELS;;;
C1;PYROLYSIS_TO_LFO;;;
C1;FB_ST_BIOMASS;;;
C1;CFB_ST_BIOMASS;;;
C1;BFB_ST_BIOMASS;;;
C1;REGASIFICATION;;;
C1;LIQUEFACTION;;;
C1;DIESEL_PIPELINE;;;
C1;GASOLINE_PIPELINE;;;
C1;LPG_PIPELINE;;;
C1;LFO_PIPELINE;;;
C1;JET_FUEL_PIPELINE;;;
C1;SUV_ELEC_PRIVATE_BATT;;;
C1;MOTORCYCLE_ELEC_PRIVATE_BATT;;;
C1;BUS_ELEC_PUBLIC_BATT;;;
C1;ELECTRICITY;;2.827161483998242;
C1;GASOLINE;;;
C1;DIESEL;;0.6810621042845781;0.5841383994816921
C1;GASOLINE_RE;;;
C1;DIESEL_RE;;;
C1;LFO;;;
C1;LFO_RE;;;
C1;JET_FUEL;;;
C1;JET_FUEL_RE;;;
C1;GAS;;;
C1;GAS_RE;;;
C1;WOOD;;;
C1;WET_BIOMASS;;;
C1;ENERGY_CROPS_2;;;
C1;BIOWASTE;;;
C1;BIOMASS_RESIDUES;;;
C1;COAL;;;
C1;URANIUM;;;
C1;WASTE;;;
C1;H2;;;
C1;H2_RE;;;
C1;AMMONIA;;;
C1;METHANOL;;;
C1;AMMONIA_RE;;;
C1;METHANOL_RE;;;
C1;CO2_EMISSIONS;;;
C1;RES_WIND;;;
C1;RES_SOLAR;;;
C1;RES_HYDRO;;;
C1;RES_GEO;;;
C1;CO2_ATM;;;
C1;CO2_INDUSTRY;;;
C1;CO2_CAPTURED;;;
C1;PT_HEAT;;;
C1;ST_HEAT;;;
C1;LPG;;6.405287407590386;4.805166847404635
C1;LNG;;;
C1;CO2_EMISSIONS_CAPTURED;;;
C1;CO2_EMISSIONS_ATM;;;
C2;NUCLEAR;;;
C2;NUCLEAR_SMR;;;
C2;CCGT_AMMONIA;;;
C2;COAL_US;;;
C2;COAL_IGCC;;;
C2;BIOMASS_TO_POWER;;;
C2;PV_ROOFTOP;;;
C2;PV_UTILITY;0.001804901979765254;;
C2;PV_HS;0.0011682025875;;
C2;PT_COLLECTOR;;;
C2;ST_COLLECTOR;;;
C2;PT_POWER_BLOCK;;;
C2;ST_POWER_BLOCK;;;
C2;WIND_ONSHORE;;;
C2;WIND_OFFSHORE;;;
C2;HYDRO_DAM;;;
C2;HYDRO_RIVER;;;
C2;TIDAL_STREAM;;;
C2;TIDAL_RANGE;;;
C2;WAVE;;;
C2;GEOTHERMAL;;;
C2;GENSET_DIESEL;;;
C2;HS_DIESEL;0.0087038675;;
C2;OCGT;;;
C2;CCGT;;;
C2;ST_BIOMASS;;;
C2;ST_SNG;;;
C2;CCGT_SUR;;;
C2;IND_COGEN_GAS;;;
C2;IND_COGEN_WOOD;;;
C2;IND_COGEN_WASTE;;;
C2;IND_BOILER_GAS;;;
C2;IND_BOILER_WOOD;5.06979938661322e-05;;
C2;IND_BOILER_BIOWASTE;;;
C2;IND_BOILER_OIL;;;
C2;IND_BOILER_COAL;;;
C2;IND_BOILER_WASTE;;;
C2;IND_DIRECT_ELEC;;;
C2;DHN_HP_ELEC;;;
C2;DHN_COGEN_GAS;;;
C2;DHN_COGEN_WOOD;;;
C2;DHN_COGEN_WASTE;;;
C2;DHN_BOILER_GAS;;;
C2;DHN_BOILER_WOOD;;;
C2;DHN_BOILER_OIL;;;
C2;DHN_DEEP_GEO;;;
C2;DHN_SOLAR;;;
C2;DEC_HP_ELEC;;;
C2;DEC_THHP_GAS;;;
C2;DEC_COGEN_GAS;;;
C2;DEC_COGEN_OIL;;;
C2;DEC_ADVCOGEN_GAS;;;
C2;DEC_ADVCOGEN_H2;;;
C2;DEC_BOILER_GAS;;;
C2;DEC_BOILER_WOOD;;;
C2;DEC_BOILER_OIL;;;
C2;DEC_SOLAR;;;
C2;DEC_DIRECT_ELEC;;;
C2;DEC_ELEC_COLD;0.0004737064324499453;;
C2;DEC_THHP_GAS_COLD;;;
C2;IND_ELEC_COLD;;;
C2;TRAMWAY_TROLLEY;;;
C2;BUS_COACH_DIESEL;;;
C2;BUS_COACH_HYDIESEL;;;
C2;BUS_COACH_CNG_STOICH;;;
C2;BUS_COACH_FC_HYBRIDH2;;;
C2;TRAIN_PUB;;;
C2;PLANE_SHORT_HAUL;;;
C2;PLANE_H2_SHORT_HAUL;;;
C2;PLANE_LONG_HAUL;;;
C2;CAR_GASOLINE;;;
C2;CAR_DIESEL;;;
C2;CAR_NG;;;
C2;CAR_METHANOL;;;
C2;CAR_HEV;;;
C2;CAR_PHEV;;;
C2;CAR_BEV;;;
C2;CAR_FUEL_CELL;;;
C2;TRAIN_FREIGHT;;;
C2;BOAT_FREIGHT_DIESEL;;;
C2;BOAT_FREIGHT_NG;;;
C2;BOAT_FREIGHT_METHANOL;;;
C2;CARGO_LFO;;;
C2;CARGO_LNG;;;
C2;CARGO_METHANOL;;;
C2;CARGO_AMMONIA;;;
C2;CARGO_FUELCELL_LH2;;;
C2;CARGO_FUELCELL_AMMONIA;;;
C2;CARGO_RETRO_METHANOL;;;
C2;CARGO_RETRO_AMMONIA;;;
C2;TRUCK_DIESEL;;;
C2;TRUCK_METHANOL;;;
C2;TRUCK_FUEL_CELL;;;
C2;TRUCK_ELEC;;;
C2;TRUCK_NG;;;
C2;EFFICIENCY;;;
C2;DHN;;;
C2;GRID;;;
C2;HVAC_LINE;;;
C2;HVDC_SUBSEA;;;
C2;GAS_PIPELINE;;;
C2;GAS_SUBSEA;;;
C2;H2_RETROFITTED;;;
C2;H2_NEW;;;
C2;H2_SUBSEA_RETRO;;;
C2;H2_SUBSEA_NEW;;;
C2;H2_ELECTROLYSIS;;;
C2;H2_NG;;;
C2;H2_BIOMASS;;;
C2;BIOMASS_TO_METHANE;;;
C2;BIOWASTE_TO_METHANE;;;
C2;SYN_METHANATION;;;
C2;BIOMETHANATION_WET_BIOMASS;;;
C2;BIOMETHANATION_BIOWASTE;;;
C2;BIOMASS_TO_JET_FUEL;;;
C2;BIOMASS_TO_LFO;;;
C2;BIOWASTE_TO_JET_FUEL;;;
C2;BIOWASTE_TO_LFO;;;
C2;DIESEL_TO_JET_FUEL;;;
C2;ATM_CCS;;;
C2;INDUSTRY_CCS;;;
C2;SYN_METHANOLATION;;;
C2;METHANE_TO_METHANOL;;;
C2;BIOMASS_TO_METHANOL;;;
C2;BIOWASTE_TO_METHANOL;;;
C2;HABER_BOSCH;;;
C2;POWER_TO_JET_FUEL;;;
C2;POWER_TO_LFO;;;
C2;H2_TO_JET_FUEL;;;
C2;H2_TO_LFO;;;
C2;AMMONIA_TO_H2;;;
C2;OIL_TO_HVC;;;
C2;GAS_TO_HVC;;;
C2;BIOMASS_TO_HVC;;;
C2;METHANOL_TO_HVC;;;
C2;BATT_LI;;;
C2;BATT_HS;;;
C2;CAES;;;
C2;BEV_BATT;;;
C2;PHEV_BATT;;;
C2;DAM_STORAGE;;;
C2;PHS;;;
C2;TS_DEC_DIRECT_ELEC;;;
C2;TS_DEC_HP_ELEC;;;
C2;TS_DEC_THHP_GAS;;;
C2;TS_DEC_COGEN_GAS;;;
C2;TS_DEC_COGEN_OIL;;;
C2;TS_DEC_ADVCOGEN_GAS;;;
C2;TS_DEC_ADVCOGEN_H2;;;
C2;TS_DEC_BOILER_GAS;;;
C2;TS_DEC_BOILER_WOOD;;;
C2;TS_DEC_BOILER_OIL;;;
C2;TS_DHN_DAILY;;;
C2;TS_DHN_SEASONAL;;;
C2;TS_HIGH_TEMP;;;
C2;GAS_STORAGE;;;
C2;H2_STORAGE;;;
C2;DIESEL_STORAGE;;;
C2;JET_FUEL_STORAGE;;;
C2;GASOLINE_STORAGE;;;
C2;LFO_STORAGE;;;
C2;AMMONIA_STORAGE;;;
C2;METHANOL_STORAGE;;;
C2;PT_STORAGE;;;
C2;ST_STORAGE;;;
C2;TS_COLD;;;
C2;CO2_STORAGE;;;
C2;STOVE_WOOD;0.00208661105022825;;
C2;STOVE_LPG;0.00420021692259933;;
C2;STOVE_NG;3.885038898677321e-05;;
C2;STOVE_OIL;0.000132496581631387;;
C2;STOVE_ELEC;0.0009171159780874858;;
C2;PLANE;;;
C2;FERMENTATION_TO_BIOETHANOL;;;
C2;ESTERIFICATION_TO_BIODIESEL;;;
C2;IND_BOILER_DIESEL;6.39860054064074e-05;;
C2;IND_BOILER_LPG;;;
C2;LPG_STORAGE;;;
C2;LNG_STORAGE;;;
C2;CAR_FG_PRIVATE;;;
C2;BUS_FG_PRIVATE;;;
C2;PICKUP_TRUCK_FG_PRIVATE;;;
C2;SUV_FG_PRIVATE;;;
C2;MOTORCYCLE_FG_PRIVATE;;;
C2;CAR_FG_PUBLIC;;;
C2;BUS_FG_PUBLIC;;;
C2;PICKUP_TRUCK_FG_PUBLIC;;;
C2;SUV_FG_PUBLIC;;;
C2;MOTORCYCLE_FG_PUBLIC;;;
C2;CAR_GASOLINE_PRIVATE;;;
C2;BUS_GASOLINE_PRIVATE;;;
C2;PICKUP_TRUCK_GASOLINE_PRIVATE;;;
C2;SUV_GASOLINE_PRIVATE;;;
C2;MOTORCYCLE_GASOLINE_PRIVATE;;;
C2;CAR_GASOLINE_PUBLIC;;;
C2;BUS_GASOLINE_PUBLIC;;;
C2;PICKUP_TRUCK_GASOLINE_PUBLIC;;;
C2;SUV_GASOLINE_PUBLIC;;;
C2;MOTORCYCLE_GASOLINE_PUBLIC;;;
C2;CAR_DIESEL_PRIVATE;;;
C2;BUS_DIESEL_PRIVATE;;;
C2;PICKUP_TRUCK_DIESEL_PRIVATE;;;
C2;SUV_DIESEL_PRIVATE;;;
C2;MOTORCYCLE_DIESEL_PRIVATE;;;
C2;CAR_DIESEL_PUBLIC;;;
C2;BUS_DIESEL_PUBLIC;;;
C2;PICKUP_TRUCK_DIESEL_PUBLIC;;;
C2;SUV_DIESEL_PUBLIC;;;
C2;MOTORCYCLE_DIESEL_PUBLIC;;;
C2;TRUCK_FG;;;
C2;VAN_FG;;;
C2;CARGO_MOTORCYCLE_FG;;;
C2;TRUCK_GASOLINE;;;
C2;VAN_GASOLINE;;;
C2;CARGO_MOTORCYCLE_GASOLINE;;;
C2;TRUCK_DIESEL_P;;;
C2;VAN_DIESEL;;;
C2;CARGO_MOTORCYCLE_DIESEL;;;
C2;CONVENTIONAL_BULB;;;
C2;LED_BULB;;;
C2;CONVENTIONAL_LIGHT;;;
C2;LED_LIGHT;;;
C2;REFRIGERATOR_EL;;;
C2;COMM_MACHINERY_DIESEL;;;
C2;COMM_MACHINERY_EL;;;
C2;IND_MACHINERY_EL;;;
C2;TRACTOR_DIESEL;;;
C2;AGR_MACHINERY_DIESEL;;;
C2;AGR_MACHINERY_EL;;;
C2;MIN_MACHINERY_DIESEL;;;
C2;MIN_MACHINERY_EL;;;
C2;FISH_MACHINERY_DIESEL;;;
C2;FISH_MACHINERY_EL;;;
C2;TRACTOR_EL;;;
C2;BUS_ELEC_PUBLIC;;;
C2;BUS_ELEC_PRIVATE;;;
C2;PICKUP_TRUCK_ELEC_PUBLIC;;;
C2;PICKUP_TRUCK_ELEC_PRIVATE;;;
C2;SUV_ELEC_PUBLIC;;;
C2;SUV_ELEC_PRIVATE;;;
C2;MOTORCYCLE_ELEC_PUBLIC;;;
C2;MOTORCYCLE_ELEC_PRIVATE;;;
C2;VAN_ELEC;;;
C2;CARGO_MOTORCYCLE_ELEC;;;
C2;TRAIN_FREIGHT_ELEC;;;
C2;BOAT_FREIGHT_ELEC;;;
C2;FUEL_CELL;;;
C2;ETHANOL_TO_FUELS;;;
C2;BIO_HYDROLYSIS;;;
C2;PYROLYSIS_TO_FUELS;;;
C2;PYROLYSIS_TO_LFO;;;
C2;FB_ST_BIOMASS;;;
C2;CFB_ST_BIOMASS;;;
C2;BFB_ST_BIOMASS;;;
C2;REGASIFICATION;;;
C2;LIQUEFACTION;;;
C2;DIESEL_PIPELINE;;;
C2;GASOLINE_PIPELINE;;;
C2;LPG_PIPELINE;;;
C2;LFO_PIPELINE;;;
C2;JET_FUEL_PIPELINE;;;
C2;SUV_ELEC_PRIVATE_BATT;;;
C2;MOTORCYCLE_ELEC_PRIVATE_BATT;;;
C2;BUS_ELEC_PUBLIC_BATT;;;
C2;ELECTRICITY;;;
C2;GASOLINE;;;
C2;DIESEL;;0.3954538613043741;0.3391758022623297
C2;GASOLINE_RE;;;
C2;DIESEL_RE;;;
C2;LFO;;;
C2;LFO_RE;;;
C2;JET_FUEL;;;
C2;JET_FUEL_RE;;;
C2;GAS;;;
C2;GAS_RE;;;
C2;WOOD;;;
C2;WET_BIOMASS;;;
C2;ENERGY_CROPS_2;;;
C2;BIOWASTE;;;
C2;BIOMASS_RESIDUES;;;
C2;COAL;;;
C2;URANIUM;;;
C2;WASTE;;;
C2;H2;;;
C2;H2_RE;;;
C2;AMMONIA;;;
C2;METHANOL;;;
C2;AMMONIA_RE;;;
C2;METHANOL_RE;;;
C2;CO2_EMISSIONS;;;
C2;RES_WIND;;;
C2;RES_SOLAR;;;
C2;RES_HYDRO;;;
C2;RES_GEO;;;
C2;CO2_ATM;;;
C2;CO2_INDUSTRY;;;
C2;CO2_CAPTURED;;;
C2;PT_HEAT;;;
C2;ST_HEAT;;;
C2;LPG;;0.4067746260083039;0.3051572588209348
C2;LNG;;;
C2;CO2_EMISSIONS_CAPTURED;;;
C2;CO2_EMISSIONS_ATM;;;
C3;NUCLEAR;;;
C3;NUCLEAR_SMR;;;
C3;CCGT_AMMONIA;;;
C3;COAL_US;;;
C3;COAL_IGCC;;;
C3;BIOMASS_TO_POWER;;;
C3;PV_ROOFTOP;;;
C3;PV_UTILITY;5.969747617207417;;
C3;PV_HS;0.0072095531625;;
C3;PT_COLLECTOR;;;
C3;ST_COLLECTOR;;;
C3;PT_POWER_BLOCK;;;
C3;ST_POWER_BLOCK;;;
C3;WIND_ONSHORE;;;
C3;WIND_OFFSHORE;;;
C3;HYDRO_DAM;;;
C3;HYDRO_RIVER;;;
C3;TIDAL_STREAM;;;
C3;TIDAL_RANGE;;;
C3;WAVE;;;
C3;GEOTHERMAL;;;
C3;GENSET_DIESEL;0.9182537166666649;;
C3;HS_DIESEL;0.045895467499999995;;
C3;OCGT;;;
C3;CCGT;;;
C3;ST_BIOMASS;;;
C3;ST_SNG;;;
C3;CCGT_SUR;;;
C3;IND_COGEN_GAS;;;
C3;IND_COGEN_WOOD;;;
C3;IND_COGEN_WASTE;;;
C3;IND_BOILER_GAS;;;
C3;IND_BOILER_WOOD;0.0009957541139391359;;
C3;IND_BOILER_BIOWASTE;;;
C3;IND_BOILER_OIL;9.939279875810354e-05;;
C3;IND_BOILER_COAL;;;
C3;IND_BOILER_WASTE;;;
C3;IND_DIRECT_ELEC;;;
C3;DHN_HP_ELEC;;;
C3;DHN_COGEN_GAS;;;
C3;DHN_COGEN_WOOD;;;
C3;DHN_COGEN_WASTE;;;
C3;DHN_BOILER_GAS;;;
C3;DHN_BOILER_WOOD;;;
C3;DHN_BOILER_OIL;;;
C3;DHN_DEEP_GEO;;;
C3;DHN_SOLAR;;;
C3;DEC_HP_ELEC;;;
C3;DEC_THHP_GAS;;;
C3;DEC_COGEN_GAS;;;
C3;DEC_COGEN_OIL;;;
C3;DEC_ADVCOGEN_GAS;;;
C3;DEC_ADVCOGEN_H2;;;
C3;DEC_BOILER_GAS;;;
C3;DEC_BOILER_WOOD;;;
C3;DEC_BOILER_OIL;;;
C3;DEC_SOLAR;;;
C3;DEC_DIRECT_ELEC;2.7918746780821913e-05;;
C3;DEC_ELEC_COLD;0.093138986733347;;
C3;DEC_THHP_GAS_COLD;;;
C3;IND_ELEC_COLD;;;
C3;TRAMWAY_TROLLEY;;;
C3;BUS_COACH_DIESEL;;;
C3;BUS_COACH_HYDIESEL;;;
C3;BUS_COACH_CNG_STOICH;;;
C3;BUS_COACH_FC_HYBRIDH2;;;
C3;TRAIN_PUB;;;
C3;PLANE_SHORT_HAUL;;;
C3;PLANE_H2_SHORT_HAUL;;;
C3;PLANE_LONG_HAUL;;;
C3;CAR_GASOLINE;;;
C3;CAR_DIESEL;;;
C3;CAR_NG;;;
C3;CAR_METHANOL;;;
C3;CAR_HEV;;;
C3;CAR_PHEV;;;
C3;CAR_BEV;;;
C3;CAR_FUEL_CELL;;;
C3;TRAIN_FREIGHT;;;
C3;BOAT_FREIGHT_DIESEL;;;
C3;BOAT_FREIGHT_NG;;;
C3;BOAT_FREIGHT_METHANOL;;;
C3;CARGO_LFO;;;
C3;CARGO_LNG;;;
C3;CARGO_METHANOL;;;
C3;CARGO_AMMONIA;;;
C3;CARGO_FUELCELL_LH2;;;
C3;CARGO_FUELCELL_AMMONIA;;;
C3;CARGO_RETRO_METHANOL;;;
C3;CARGO_RETRO_AMMONIA;;;
C3;TRUCK_DIESEL;;;
C3;TRUCK_METHANOL;;;
C3;TRUCK_FUEL_CELL;;;
C3;TRUCK_ELEC;;;
C3;TRUCK_NG;;;
C3;EFFICIENCY;;;
C3;DHN;;;
C3;GRID;;;
C3;HVAC_LINE;;;
C3;HVDC_SUBSEA;;;
C3;GAS_PIPELINE;;;
C3;GAS_SUBSEA;;;
C3;H2_RETROFITTED;;;
C3;H2_NEW;;;
C3;H2_SUBSEA_RETRO;;;
C3;H2_SUBSEA_NEW;;;
C3;H2_ELECTROLYSIS;;;
C3;H2_NG;;;
C3;H2_BIOMASS;;;
C3;BIOMASS_TO_METHANE;;;
C3;BIOWASTE_TO_METHANE;;;
C3;SYN_METHANATION;;;
C3;BIOMETHANATION_WET_BIOMASS;;;
C3;BIOMETHANATION_BIOWASTE;;;
C3;BIOMASS_TO_JET_FUEL;;;
C3;BIOMASS_TO_LFO;;;
C3;BIOWASTE_TO_JET_FUEL;;;
C3;BIOWASTE_TO_LFO;;;
C3;DIESEL_TO_JET_FUEL;;;
C3;ATM_CCS;;;
C3;INDUSTRY_CCS;;;
C3;SYN_METHANOLATION;;;
C3;METHANE_TO_METHANOL;;;
C3;BIOMASS_TO_METHANOL;;;
C3;BIOWASTE_TO_METHANOL;;;
C3;HABER_BOSCH;;;
C3;POWER_TO_JET_FUEL;;;
C3;POWER_TO_LFO;;;
C3;H2_TO_JET_FUEL;;;
C3;H2_TO_LFO;;;
C3;AMMONIA_TO_H2;;;
C3;OIL_TO_HVC;;;
C3;GAS_TO_HVC;;;
C3;BIOMASS_TO_HVC;;;
C3;METHANOL_TO_HVC;;;
C3;BATT_LI;0.5499977538085077;;
C3;BATT_HS;;;
C3;CAES;;;
C3;BEV_BATT;;;
C3;PHEV_BATT;;;
C3;DAM_STORAGE;;;
C3;PHS;;;
C3;TS_DEC_DIRECT_ELEC;;;
C3;TS_DEC_HP_ELEC;;;
C3;TS_DEC_THHP_GAS;;;
C3;TS_DEC_COGEN_GAS;;;
C3;TS_DEC_COGEN_OIL;;;
C3;TS_DEC_ADVCOGEN_GAS;;;
C3;TS_DEC_ADVCOGEN_H2;;;
C3;TS_DEC_BOILER_GAS;;;
C3;TS_DEC_BOILER_WOOD;;;
C3;TS_DEC_BOILER_OIL;;;
C3;TS_DHN_DAILY;;;
C3;TS_DHN_SEASONAL;;;
C3;TS_HIGH_TEMP;;;
C3;GAS_STORAGE;;;
C3;H2_STORAGE;;;
C3;DIESEL_STORAGE;;;
C3;JET_FUEL_STORAGE;;;
C3;GASOLINE_STORAGE;;;
C3;LFO_STORAGE;;;
C3;AMMONIA_STORAGE;;;
C3;METHANOL_STORAGE;;;
C3;PT_STORAGE;;;
C3;ST_STORAGE;;;
C3;TS_COLD;;;
C3;CO2_STORAGE;;;
C3;STOVE_WOOD;0.03544170239726025;;
C3;STOVE_LPG;0.19663361308967992;;
C3;STOVE_NG;0.0007630565178547499;;
C3;STOVE_OIL;0.00260235181278975;;
C3;STOVE_ELEC;0.0507680783089716;;
C3;PLANE;;;
C3;FERMENTATION_TO_BIOETHANOL;;;
C3;ESTERIFICATION_TO_BIODIESEL;;;
C3;IND_BOILER_DIESEL;0.001256742589977219;;
C3;IND_BOILER_LPG;;;
C3;LPG_STORAGE;;;
C3;LNG_STORAGE;;;
C3;CAR_FG_PRIVATE;;;
C3;BUS_FG_PRIVATE;;;
C3;PICKUP_TRUCK_FG_PRIVATE;;;
C3;SUV_FG_PRIVATE;;;
C3;MOTORCYCLE_FG_PRIVATE;;;
C3;CAR_FG_PUBLIC;;;
C3;BUS_FG_PUBLIC;;;
C3;PICKUP_TRUCK_FG_PUBLIC;;;
C3;SUV_FG_PUBLIC;;;
C3;MOTORCYCLE_FG_PUBLIC;;;
C3;CAR_GASOLINE_PRIVATE;;;
C3;BUS_GASOLINE_PRIVATE;;;
C3;PICKUP_TRUCK_GASOLINE_PRIVATE;;;
C3;SUV_GASOLINE_PRIVATE;;;
C3;MOTORCYCLE_GASOLINE_PRIVATE;;;
C3;CAR_GASOLINE_PUBLIC;;;
C3;BUS_GASOLINE_PUBLIC;;;
C3;PICKUP_TRUCK_GASOLINE_PUBLIC;;;
C3;SUV_GASOLINE_PUBLIC;;;
C3;MOTORCYCLE_GASOLINE_PUBLIC;;;
C3;CAR_DIESEL_PRIVATE;;;
C3;BUS_DIESEL_PRIVATE;;;
C3;PICKUP_TRUCK_DIESEL_PRIVATE;;;
C3;SUV_DIESEL_PRIVATE;;;
C3;MOTORCYCLE_DIESEL_PRIVATE;;;
C3;CAR_DIESEL_PUBLIC;;;
C3;BUS_DIESEL_PUBLIC;;;
C3;PICKUP_TRUCK_DIESEL_PUBLIC;;;
C3;SUV_DIESEL_PUBLIC;;;
C3;MOTORCYCLE_DIESEL_PUBLIC;;;
C3;TRUCK_FG;;;
C3;VAN_FG;;;
C3;CARGO_MOTORCYCLE_FG;;;
C3;TRUCK_GASOLINE;;;
C3;VAN_GASOLINE;;;
C3;CARGO_MOTORCYCLE_GASOLINE;;;
C3;TRUCK_DIESEL_P;;;
C3;VAN_DIESEL;;;
C3;CARGO_MOTORCYCLE_DIESEL;;;
C3;CONVENTIONAL_BULB;;;
C3;LED_BULB;;;
C3;CONVENTIONAL_LIGHT;;;
C3;LED_LIGHT;;;
C3;REFRIGERATOR_EL;;;
C3;COMM_MACHINERY_DIESEL;;;
C3;COMM_MACHINERY_EL;;;
C3;IND_MACHINERY_EL;;;
C3;TRACTOR_DIESEL;;;
C3;AGR_MACHINERY_DIESEL;;;
C3;AGR_MACHINERY_EL;;;
C3;MIN_MACHINERY_DIESEL;;;
C3;MIN_MACHINERY_EL;;;
C3;FISH_MACHINERY_DIESEL;;;
C3;FISH_MACHINERY_EL;;;
C3;TRACTOR_EL;;;
C3;BUS_ELEC_PUBLIC;;;
C3;BUS_ELEC_PRIVATE;;;
C3;PICKUP_TRUCK_ELEC_PUBLIC;;;
C3;PICKUP_TRUCK_ELEC_PRIVATE;;;
C3;SUV_ELEC_PUBLIC;;;
C3;SUV_ELEC_PRIVATE;;;
C3;MOTORCYCLE_ELEC_PUBLIC;;;
C3;MOTORCYCLE_ELEC_PRIVATE;;;
C3;VAN_ELEC;;;
C3;CARGO_MOTORCYCLE_ELEC;;;
C3;TRAIN_FREIGHT_ELEC;;;
C3;BOAT_FREIGHT_ELEC;;;
C3;FUEL_CELL;;;
C3;ETHANOL_TO_FUELS;;;
C3;BIO_HYDROLYSIS;;;
C3;PYROLYSIS_TO_FUELS;;;
C3;PYROLYSIS_TO_LFO;;;
C3;FB_ST_BIOMASS;;;
C3;CFB_ST_BIOMASS;;;
C3;BFB_ST_BIOMASS;;;
C3;REGASIFICATION;;;
C3;LIQUEFACTION;;;
C3;DIESEL_PIPELINE;;;
C3;GASOLINE_PIPELINE;;;
C3;LPG_PIPELINE;;;
C3;LFO_PIPELINE;;;
C3;JET_FUEL_PIPELINE;;;
C3;SUV_ELEC_PRIVATE_BATT;;;
C3;MOTORCYCLE_ELEC_PRIVATE_BATT;;;
C3;BUS_ELEC_PUBLIC_BATT;;;
C3;ELECTRICITY;;;
C3;GASOLINE;;;
C3;DIESEL;;5.448257170530638;4.672901639273425
C3;GASOLINE_RE;;;
C3;DIESEL_RE;;;
C3;LFO;;;
C3;LFO_RE;;;
C3;JET_FUEL;;;
C3;JET_FUEL_RE;;;
C3;GAS;;;
C3;GAS_RE;;;
C3;WOOD;;;
C3;WET_BIOMASS;;;
C3;ENERGY_CROPS_2;;;
C3;BIOWASTE;;;
C3;BIOMASS_RESIDUES;;;
C3;COAL;;;
C3;URANIUM;;;
C3;WASTE;;;
C3;H2;;;
C3;H2_RE;;;
C3;AMMONIA;;;
C3;METHANOL;;;
C3;AMMONIA_RE;;;
C3;METHANOL_RE;;;
C3;CO2_EMISSIONS;;;
C3;RES_WIND;;;
C3;RES_SOLAR;;;
C3;RES_HYDRO;;;
C3;RES_GEO;;;
C3;CO2_ATM;;;
C3;CO2_INDUSTRY;;;
C3;CO2_CAPTURED;;;
C3;PT_HEAT;;;
C3;ST_HEAT;;;
C3;LPG;;19.04319845835889;14.28597033635328
C3;LNG;;;
C3;CO2_EMISSIONS_CAPTURED;;;
C3;CO2_EMISSIONS_ATM;;;
C4;NUCLEAR;;;
C4;NUCLEAR_SMR;;;
C4;CCGT_AMMONIA;;;
C4;COAL_US;;;
C4;COAL_IGCC;;;
C4;BIOMASS_TO_POWER;;;
C4;PV_ROOFTOP;;;
C4;PV_UTILITY;1.690120106884335;;
C4;PV_HS;0.007383872925;;
C4;PT_COLLECTOR;;;
C4;ST_COLLECTOR;;;
C4;PT_POWER_BLOCK;;;
C4;ST_POWER_BLOCK;;;
C4;WIND_ONSHORE;;;
C4;WIND_OFFSHORE;;;
C4;HYDRO_DAM;;;
C4;HYDRO_RIVER;;;
C4;TIDAL_STREAM;;;
C4;TIDAL_RANGE;;;
C4;WAVE;;;
C4;GEOTHERMAL;;;
C4;GENSET_DIESEL;0.1277600333333316;;
C4;HS_DIESEL;0.120614425;;
C4;OCGT;;;
C4;CCGT;;;
C4;ST_BIOMASS;;;
C4;ST_SNG;;;
C4;CCGT_SUR;;;
C4;IND_COGEN_GAS;;;
C4;IND_COGEN_WOOD;;;
C4;IND_COGEN_WASTE;;;
C4;IND_BOILER_GAS;;;
C4;IND_BOILER_WOOD;0.0009957541139391359;;
C4;IND_BOILER_BIOWASTE;;;
C4;IND_BOILER_OIL;9.939279875810354e-05;;
C4;IND_BOILER_COAL;;;
C4;IND_BOILER_WASTE;;;
C4;IND_DIRECT_ELEC;;;
C4;DHN_HP_ELEC;;;
C4;DHN_COGEN_GAS;;;
C4;DHN_COGEN_WOOD;;;
C4;DHN_COGEN_WASTE;;;
C4;DHN_BOILER_GAS;;;
C4;DHN_BOILER_WOOD;;;
C4;DHN_BOILER_OIL;;;
C4;DHN_DEEP_GEO;;;
C4;DHN_SOLAR;;;
C4;DEC_HP_ELEC;;;
C4;DEC_THHP_GAS;;;
C4;DEC_COGEN_GAS;;;
C4;DEC_COGEN_OIL;;;
C4;DEC_ADVCOGEN_GAS;;;
C4;DEC_ADVCOGEN_H2;;;
C4;DEC_BOILER_GAS;;;
C4;DEC_BOILER_WOOD;;;
C4;DEC_BOILER_OIL;;;
C4;DEC_SOLAR;;;
C4;DEC_DIRECT_ELEC;2.0874775400647e-05;;
C4;DEC_ELEC_COLD;0.026744760323837834;;
C4;DEC_THHP_GAS_COLD;;;
C4;IND_ELEC_COLD;;;
C4;TRAMWAY_TROLLEY;;;
C4;BUS_COACH_DIESEL;;;
C4;BUS_COACH_HYDIESEL;;;
C4;BUS_COACH_CNG_STOICH;;;
C4;BUS_COACH_FC_HYBRIDH2;;;
C4;TRAIN_PUB;;;
C4;PLANE_SHORT_HAUL;;;
C4;PLANE_H2_SHORT_HAUL;;;
C4;PLANE_LONG_HAUL;;;
C4;CAR_GASOLINE;;;
C4;CAR_DIESEL;;;
C4;CAR_NG;;;
C4;CAR_METHANOL;;;
C4;CAR_HEV;;;
C4;CAR_PHEV;;;
C4;CAR_BEV;;;
C4;CAR_FUEL_CELL;;;
C4;TRAIN_FREIGHT;;;
C4;BOAT_FREIGHT_DIESEL;;;
C4;BOAT_FREIGHT_NG;;;
C4;BOAT_FREIGHT_METHANOL;;;
C4;CARGO_LFO;;;
C4;CARGO_LNG;;;
C4;CARGO_METHANOL;;;
C4;CARGO_AMMONIA;;;
C4;CARGO_FUELCELL_LH2;;;
C4;CARGO_FUELCELL_AMMONIA;;;
C4;CARGO_RETRO_METHANOL;;;
C4;CARGO_RETRO_AMMONIA;;;
C4;TRUCK_DIESEL;;;
C4;TRUCK_METHANOL;;;
C4;TRUCK_FUEL_CELL;;;
C4;TRUCK_ELEC;;;
C4;TRUCK_NG;;;
C4;EFFICIENCY;;;
C4;DHN;;;
C4;GRID;;;
C4;HVAC_LINE;;;
C4;HVDC_SUBSEA;;;
C4;GAS_PIPELINE;;;
C4;GAS_SUBSEA;;;
C4;H2_RETROFITTED;;;
C4;H2_NEW;;;
C4;H2_SUBSEA_RETRO;;;
C4;H2_SUBSEA_NEW;;;
C4;H2_ELECTROLYSIS;;;
C4;H2_NG;;;
C4;H2_BIOMASS;;;
C4;BIOMASS_TO_METHANE;;;
C4;BIOWASTE_TO_METHANE;;;
C4;SYN_METHANATION;;;
C4;BIOMETHANATION_WET_BIOMASS;;;
C4;BIOMETHANATION_BIOWASTE;;;
C4;BIOMASS_TO_JET_FUEL;;;
C4;BIOMASS_TO_LFO;;;
C4;BIOWASTE_TO_JET_FUEL;;;
C4;BIOWASTE_TO_LFO;;;
C4;DIESEL_TO_JET_FUEL;;;
C4;ATM_CCS;;;
C4;INDUSTRY_CCS;;;
C4;SYN_METHANOLATION;;;
C4;METHANE_TO_METHANOL;;;
C4;BIOMASS_TO_METHANOL;;;
C4;BIOWASTE_TO_METHANOL;;;
C4;HABER_BOSCH;;;
C4;POWER_TO_JET_FUEL;;;
C4;POWER_TO_LFO;;;
C4;H2_TO_JET_FUEL;;;
C4;H2_TO_LFO;;;
C4;AMMONIA_TO_H2;;;
C4;OIL_TO_HVC;;;
C4;GAS_TO_HVC;;;
C4;BIOMASS_TO_HVC;;;
C4;METHANOL_TO_HVC;;;
C4;BATT_LI;0.10317959258434053;;
C4;BATT_HS;;;
C4;CAES;;;
C4;BEV_BATT;;;
C4;PHEV_BATT;;;
C4;DAM_STORAGE;;;
C4;PHS;;;
C4;TS_DEC_DIRECT_ELEC;;;
C4;TS_DEC_HP_ELEC;;;
C4;TS_DEC_THHP_GAS;;;
C4;TS_DEC_COGEN_GAS;;;
C4;TS_DEC_COGEN_OIL;;;
C4;TS_DEC_ADVCOGEN_GAS;;;
C4;TS_DEC_ADVCOGEN_H2;;;
C4;TS_DEC_BOILER_GAS;;;
C4;TS_DEC_BOILER_WOOD;;;
C4;TS_DEC_BOILER_OIL;;;
C4;TS_DHN_DAILY;;;
C4;TS_DHN_SEASONAL;;;
C4;TS_HIGH_TEMP;;;
C4;GAS_STORAGE;;;
C4;H2_STORAGE;;;
C4;DIESEL_STORAGE;;;
C4;JET_FUEL_STORAGE;;;
C4;GASOLINE_STORAGE;;;
C4;LFO_STORAGE;;;
C4;AMMONIA_STORAGE;;;
C4;METHANOL_STORAGE;;;
C4;PT_STORAGE;;;
C4;ST_STORAGE;;;
C4;TS_COLD;;;
C4;CO2_STORAGE;;;
C4;STOVE_WOOD;0.03544170239726025;;
C4;STOVE_LPG;0.08584147179745384;;
C4;STOVE_NG;0.0007630565178547499;;
C4;STOVE_OIL;0.00260235181278975;;
C4;STOVE_ELEC;0.01906959118288356;;
C4;PLANE;;;
C4;FERMENTATION_TO_BIOETHANOL;;;
C4;ESTERIFICATION_TO_BIODIESEL;;;
C4;IND_BOILER_DIESEL;0.001256742589977219;;
C4;IND_BOILER_LPG;;;
C4;LPG_STORAGE;;;
C4;LNG_STORAGE;;;
C4;CAR_FG_PRIVATE;;;
C4;BUS_FG_PRIVATE;;;
C4;PICKUP_TRUCK_FG_PRIVATE;;;
C4;SUV_FG_PRIVATE;;;
C4;MOTORCYCLE_FG_PRIVATE;;;
C4;CAR_FG_PUBLIC;;;
C4;BUS_FG_PUBLIC;;;
C4;PICKUP_TRUCK_FG_PUBLIC;;;
C4;SUV_FG_PUBLIC;;;
C4;MOTORCYCLE_FG_PUBLIC;;;
C4;CAR_GASOLINE_PRIVATE;;;
C4;BUS_GASOLINE_PRIVATE;;;
C4;PICKUP_TRUCK_GASOLINE_PRIVATE;;;
C4;SUV_GASOLINE_PRIVATE;;;
C4;MOTORCYCLE_GASOLINE_PRIVATE;;;
C4;CAR_GASOLINE_PUBLIC;;;
C4;BUS_GASOLINE_PUBLIC;;;
C4;PICKUP_TRUCK_GASOLINE_PUBLIC;;;
C4;SUV_GASOLINE_PUBLIC;;;
C4;MOTORCYCLE_GASOLINE_PUBLIC;;;
C4;CAR_DIESEL_PRIVATE;;;
C4;BUS_DIESEL_PRIVATE;;;
C4;PICKUP_TRUCK_DIESEL_PRIVATE;;;
C4;SUV_DIESEL_PRIVATE;;;
C4;MOTORCYCLE_DIESEL_PRIVATE;;;
C4;CAR_DIESEL_PUBLIC;;;
C4;BUS_DIESEL_PUBLIC;;;
C4;PICKUP_TRUCK_DIESEL_PUBLIC;;;
C4;SUV_DIESEL_PUBLIC;;;
C4;MOTORCYCLE_DIESEL_PUBLIC;;;
C4;TRUCK_FG;;;
C4;VAN_FG;;;
C4;CARGO_MOTORCYCLE_FG;;;
C4;TRUCK_GASOLINE;;;
C4;VAN_GASOLINE;;;
C4;CARGO_MOTORCYCLE_GASOLINE;;;
C4;TRUCK_DIESEL_P;;;
C4;VAN_DIESEL;;;
C4;CARGO_MOTORCYCLE_DIESEL;;;
C4;CONVENTIONAL_BULB;;;
C4;LED_BULB;;;
C4;CONVENTIONAL_LIGHT;;;
C4;LED_LIGHT;;;
C4;REFRIGERATOR_EL;;;
C4;COMM_MACHINERY_DIESEL;;;
C4;COMM_MACHINERY_EL;;;
C4;IND_MACHINERY_EL;;;
C4;TRACTOR_DIESEL;;;
C4;AGR_MACHINERY_DIESEL;;;
C4;AGR_MACHINERY_EL;;;
C4;MIN_MACHINERY_DIESEL;;;
C4;MIN_MACHINERY_EL;;;
C4;FISH_MACHINERY_DIESEL;;;
C4;FISH_MACHINERY_EL;;;
C4;TRACTOR_EL;;;
C4;BUS_ELEC_PUBLIC;;;
C4;BUS_ELEC_PRIVATE;;;
C4;PICKUP_TRUCK_ELEC_PUBLIC;;;
C4;PICKUP_TRUCK_ELEC_PRIVATE;;;
C4;SUV_ELEC_PUBLIC;;;
C4;SUV_ELEC_PRIVATE;;;
C4;MOTORCYCLE_ELEC_PUBLIC;;;
C4;MOTORCYCLE_ELEC_PRIVATE;;;
C4;VAN_ELEC;;;
C4;CARGO_MOTORCYCLE_ELEC;;;
C4;TRAIN_FREIGHT_ELEC;;;
C4;BOAT_FREIGHT_ELEC;;;
C4;FUEL_CELL;;;
C4;ETHANOL_TO_FUELS;;;
C4;BIO_HYDROLYSIS;;;
C4;PYROLYSIS_TO_FUELS;;;
C4;PYROLYSIS_TO_LFO;;;
C4;FB_ST_BIOMASS;;;
C4;CFB_ST_BIOMASS;;;
C4;BFB_ST_BIOMASS;;;
C4;REGASIFICATION;;;
C4;LIQUEFACTION;;;
C4;DIESEL_PIPELINE;;;
C4;GASOLINE_PIPELINE;;;
C4;LPG_PIPELINE;;;
C4;LFO_PIPELINE;;;
C4;JET_FUEL_PIPELINE;;;
C4;SUV_ELEC_PRIVATE_BATT;;;
C4;MOTORCYCLE_ELEC_PRIVATE_BATT;;;
C4;BUS_ELEC_PUBLIC_BATT;;;
C4;ELECTRICITY;;;
C4;GASOLINE;;;
C4;DIESEL;;5.905833624914336;5.065359208153989
C4;GASOLINE_RE;;;
C4;DIESEL_RE;;;
C4;LFO;;;
C4;LFO_RE;;;
C4;JET_FUEL;;;
C4;JET_FUEL_RE;;;
C4;GAS;;;
C4;GAS_RE;;;
C4;WOOD;;;
C4;WET_BIOMASS;;;
C4;ENERGY_CROPS_2;;;
C4;BIOWASTE;;;
C4;BIOMASS_RESIDUES;;;
C4;COAL;;;
C4;URANIUM;;;
C4;WASTE;;;
C4;H2;;;
C4;H2_RE;;;
C4;AMMONIA;;;
C4;METHANOL;;;
C4;AMMONIA_RE;;;
C4;METHANOL_RE;;;
C4;CO2_EMISSIONS;;;
C4;RES_WIND;;;
C4;RES_SOLAR;;;
C4;RES_HYDRO;;;
C4;RES_GEO;;;
C4;CO2_ATM;;;
C4;CO2_INDUSTRY;;;
C4;CO2_CAPTURED;;;
C4;PT_HEAT;;;
C4;ST_HEAT;;;
C4;LPG;;8.313411718936244;6.236617943688122
C4;LNG;;;
C4;CO2_EMISSIONS_CAPTURED;;;
C4;CO2_EMISSIONS_ATM;;;
C5;NUCLEAR;;;
C5;NUCLEAR_SMR;;;
C5;CCGT_AMMONIA;;;
C5;COAL_US;;;
C5;COAL_IGCC;;;
C5;BIOMASS_TO_POWER;;;
C5;PV_ROOFTOP;;;
C5;PV_UTILITY;2.5065067622230304;;
C5;PV_HS;0.0009132274124999999;;
C5;PT_COLLECTOR;;;
C5;ST_COLLECTOR;;;
C5;PT_POWER_BLOCK;;;
C5;ST_POWER_BLOCK;;;
C5;WIND_ONSHORE;;;
C5;WIND_OFFSHORE;;;
C5;HYDRO_DAM;;;
C5;HYDRO_RIVER;;;
C5;TIDAL_STREAM;;;
C5;TIDAL_RANGE;;;
C5;WAVE;;;
C5;GEOTHERMAL;;;
C5;GENSET_DIESEL;0.47109359999999995;;
C5;HS_DIESEL;0.0037449874999999993;;
C5;OCGT;;;
C5;CCGT;;;
C5;ST_BIOMASS;;;
C5;ST_SNG;;;
C5;CCGT_SUR;;;
C5;IND_COGEN_GAS;;;
C5;IND_COGEN_WOOD;;;
C5;IND_COGEN_WASTE;;;
C5;IND_BOILER_GAS;;;
C5;IND_BOILER_WOOD;0.0009838697961749964;;
C5;IND_BOILER_BIOWASTE;;;
C5;IND_BOILER_OIL;9.820654646213271e-05;;
C5;IND_BOILER_COAL;;;
C5;IND_BOILER_WASTE;;;
C5;IND_DIRECT_ELEC;;;
C5;DHN_HP_ELEC;;;
C5;DHN_COGEN_GAS;;;
C5;DHN_COGEN_WOOD;;;
C5;DHN_COGEN_WASTE;;;
C5;DHN_BOILER_GAS;;;
C5;DHN_BOILER_WOOD;;;
C5;DHN_BOILER_OIL;;;
C5;DHN_DEEP_GEO;;;
C5;DHN_SOLAR;;;
C5;DEC_HP_ELEC;;;
C5;DEC_THHP_GAS;;;
C5;DEC_COGEN_GAS;;;
C5;DEC_COGEN_OIL;;;
C5;DEC_ADVCOGEN_GAS;;;
C5;DEC_ADVCOGEN_H2;;;
C5;DEC_BOILER_GAS;;;
C5;DEC_BOILER_WOOD;;;
C5;DEC_BOILER_OIL;;;
C5;DEC_SOLAR;;;
C5;DEC_DIRECT_ELEC;2.0625635115266998e-05;;
C5;DEC_ELEC_COLD;0.0639978349623713;;
C5;DEC_THHP_GAS_COLD;;;
C5;IND_ELEC_COLD;;;
C5;TRAMWAY_TROLLEY;;;
C5;BUS_COACH_DIESEL;;;
C5;BUS_COACH_HYDIESEL;;;
C5;BUS_COACH_CNG_STOICH;;;
C5;BUS_COACH_FC_HYBRIDH2;;;
C5;TRAIN_PUB;;;
C5;PLANE_SHORT_HAUL;;;
C5;PLANE_H2_SHORT_HAUL;;;
C5;PLANE_LONG_HAUL;;;
C5;CAR_GASOLINE;;;
C5;CAR_DIESEL;;;
C5;CAR_NG;;;
C5;CAR_METHANOL;;;
C5;CAR_HEV;;;
C5;CAR_PHEV;;;
C5;CAR_BEV;;;
C5;CAR_FUEL_CELL;;;
C5;TRAIN_FREIGHT;;;
C5;BOAT_FREIGHT_DIESEL;;;
C5;BOAT_FREIGHT_NG;;;
C5;BOAT_FREIGHT_METHANOL;;;
C5;CARGO_LFO;;;
C5;CARGO_LNG;;;
C5;CARGO_METHANOL;;;
C5;CARGO_AMMONIA;;;
C5;CARGO_FUELCELL_LH2;;;
C5;CARGO_FUELCELL_AMMONIA;;;
C5;CARGO_RETRO_METHANOL;;;
C5;CARGO_RETRO_AMMONIA;;;
C5;TRUCK_DIESEL;;;
C5;TRUCK_METHANOL;;;
C5;TRUCK_FUEL_CELL;;;
C5;TRUCK_ELEC;;;
C5;TRUCK_NG;;;
C5;EFFICIENCY;;;
C5;DHN;;;
C5;GRID;;;
C5;HVAC_LINE;;;
C5;HVDC_SUBSEA;;;
C5;GAS_PIPELINE;;;
C5;GAS_SUBSEA;;;
C5;H2_RETROFITTED;;;
C5;H2_NEW;;;
C5;H2_SUBSEA_RETRO;;;
C5;H2_SUBSEA_NEW;;;
C5;H2_ELECTROLYSIS;;;
C5;H2_NG;;;
C5;H2_BIOMASS;;;
C5;BIOMASS_TO_METHANE;;;
C5;BIOWASTE_TO_METHANE;;;
C5;SYN_METHANATION;;;
C5;BIOMETHANATION_WET_BIOMASS;;;
C5;BIOMETHANATION_BIOWASTE;;;
C5;BIOMASS_TO_JET_FUEL;;;
C5;BIOMASS_TO_LFO;;;
C5;BIOWASTE_TO_JET_FUEL;;;
C5;BIOWASTE_TO_LFO;;;
C5;DIESEL_TO_JET_FUEL;;;
C5;ATM_CCS;;;
C5;INDUSTRY_CCS;;;
C5;SYN_METHANOLATION;;;
C5;METHANE_TO_METHANOL;;;
C5;BIOMASS_TO_METHANOL;;;
C5;BIOWASTE_TO_METHANOL;;;
C5;HABER_BOSCH;;;
C5;POWER_TO_JET_FUEL;;;
C5;POWER_TO_LFO;;;
C5;H2_TO_JET_FUEL;;;
C5;H2_TO_LFO;;;
C5;AMMONIA_TO_H2;;;
C5;OIL_TO_HVC;;;
C5;GAS_TO_HVC;;;
C5;BIOMASS_TO_HVC;;;
C5;METHANOL_TO_HVC;;;
C5;BATT_LI;0.2290761193939592;;
C5;BATT_HS;;;
C5;CAES;;;
C5;BEV_BATT;;;
C5;PHEV_BATT;;;
C5;DAM_STORAGE;;;
C5;PHS;;;
C5;TS_DEC_DIRECT_ELEC;;;
C5;TS_DEC_HP_ELEC;;;
C5;TS_DEC_THHP_GAS;;;
C5;TS_DEC_COGEN_GAS;;;
C5;TS_DEC_COGEN_OIL;;;
C5;TS_DEC_ADVCOGEN_GAS;;;
C5;TS_DEC_ADVCOGEN_H2;;;
C5;TS_DEC_BOILER_GAS;;;
C5;TS_DEC_BOILER_WOOD;;;
C5;TS_DEC_BOILER_OIL;;;
C5;TS_DHN_DAILY;;;
C5;TS_DHN_SEASONAL;;;
C5;TS_HIGH_TEMP;;;
C5;GAS_STORAGE;;;
C5;H2_STORAGE;;;
C5;DIESEL_STORAGE;;;
C5;JET_FUEL_STORAGE;;;
C5;GASOLINE_STORAGE;;;
C5;LFO_STORAGE;;;
C5;AMMONIA_STORAGE;;;
C5;METHANOL_STORAGE;;;
C5;PT_STORAGE;;;
C5;ST_STORAGE;;;
C5;TS_COLD;;;
C5;CO2_STORAGE;;;
C5;STOVE_WOOD;0.00184112739726;;
C5;STOVE_LPG;0.09019069410045599;;
C5;STOVE_NG;0.00075394944412725;;
C5;STOVE_OIL;0.00257129276372925;;
C5;STOVE_ELEC;0.01794430695938231;;
C5;PLANE;;;
C5;FERMENTATION_TO_BIOETHANOL;;;
C5;ESTERIFICATION_TO_BIODIESEL;;;
C5;IND_BOILER_DIESEL;0.001241743376739807;;
C5;IND_BOILER_LPG;;;
C5;LPG_STORAGE;;;
C5;LNG_STORAGE;;;
C5;CAR_FG_PRIVATE;;;
C5;BUS_FG_PRIVATE;;;
C5;PICKUP_TRUCK_FG_PRIVATE;;;
C5;SUV_FG_PRIVATE;;;
C5;MOTORCYCLE_FG_PRIVATE;;;
C5;CAR_FG_PUBLIC;;;
C5;BUS_FG_PUBLIC;;;
C5;PICKUP_TRUCK_FG_PUBLIC;;;
C5;SUV_FG_PUBLIC;;;
C5;MOTORCYCLE_FG_PUBLIC;;;
C5;CAR_GASOLINE_PRIVATE;;;
C5;BUS_GASOLINE_PRIVATE;;;
C5;PICKUP_TRUCK_GASOLINE_PRIVATE;;;
C5;SUV_GASOLINE_PRIVATE;;;
C5;MOTORCYCLE_GASOLINE_PRIVATE;;;
C5;CAR_GASOLINE_PUBLIC;;;
C5;BUS_GASOLINE_PUBLIC;;;
C5;PICKUP_TRUCK_GASOLINE_PUBLIC;;;
C5;SUV_GASOLINE_PUBLIC;;;
C5;MOTORCYCLE_GASOLINE_PUBLIC;;;
C5;CAR_DIESEL_PRIVATE;;;
C5;BUS_DIESEL_PRIVATE;;;
C5;PICKUP_TRUCK_DIESEL_PRIVATE;;;
C5;SUV_DIESEL_PRIVATE;;;
C5;MOTORCYCLE_DIESEL_PRIVATE;;;
C5;CAR_DIESEL_PUBLIC;;;
C5;BUS_DIESEL_PUBLIC;;;
C5;PICKUP_TRUCK_DIESEL_PUBLIC;;;
C5;SUV_DIESEL_PUBLIC;;;
C5;MOTORCYCLE_DIESEL_PUBLIC;;;
C5;TRUCK_FG;;;
C5;VAN_FG;;;
C5;CARGO_MOTORCYCLE_FG;;;
C5;TRUCK_GASOLINE;;;
C5;VAN_GASOLINE;;;
C5;CARGO_MOTORCYCLE_GASOLINE;;;
C5;TRUCK_DIESEL_P;;;
C5;VAN_DIESEL;;;
C5;CARGO_MOTORCYCLE_DIESEL;;;
C5;CONVENTIONAL_BULB;;;
C5;LED_BULB;;;
C5;CONVENTIONAL_LIGHT;;;
C5;LED_LIGHT;;;
C5;REFRIGERATOR_EL;;;
C5;COMM_MACHINERY_DIESEL;;;
C5;COMM_MACHINERY_EL;;;
C5;IND_MACHINERY_EL;;;
C5;TRACTOR_DIESEL;;;
C5;AGR_MACHINERY_DIESEL;;;
C5;AGR_MACHINERY_EL;;;
C5;MIN_MACHINERY_DIESEL;;;
C5;MIN_MACHINERY_EL;;;
C5;FISH_MACHINERY_DIESEL;;;
C5;FISH_MACHINERY_EL;;;
C5;TRACTOR_EL;;;
C5;BUS_ELEC_PUBLIC;;;
C5;BUS_ELEC_PRIVATE;;;
C5;PICKUP_TRUCK_ELEC_PUBLIC;;;
C5;PICKUP_TRUCK_ELEC_PRIVATE;;;
C5;SUV_ELEC_PUBLIC;;;
C5;SUV_ELEC_PRIVATE;;;
C5;MOTORCYCLE_ELEC_PUBLIC;;;
C5;MOTORCYCLE_ELEC_PRIVATE;;;
C5;VAN_ELEC;;;
C5;CARGO_MOTORCYCLE_ELEC;;;
C5;TRAIN_FREIGHT_ELEC;;;
C5;BOAT_FREIGHT_ELEC;;;
C5;FUEL_CELL;;;
C5;ETHANOL_TO_FUELS;;;
C5;BIO_HYDROLYSIS;;;
C5;PYROLYSIS_TO_FUELS;;;
C5;PYROLYSIS_TO_LFO;;;
C5;FB_ST_BIOMASS;;;
C5;CFB_ST_BIOMASS;;;
C5;BFB_ST_BIOMASS;;;
C5;REGASIFICATION;;;
C5;LIQUEFACTION;;;
C5;DIESEL_PIPELINE;;;
C5;GASOLINE_PIPELINE;;;
C5;LPG_PIPELINE;;;
C5;LFO_PIPELINE;;;
C5;JET_FUEL_PIPELINE;;;
C5;SUV_ELEC_PRIVATE_BATT;;;
C5;MOTORCYCLE_ELEC_PRIVATE_BATT;;;
C5;BUS_ELEC_PUBLIC_BATT;;;
C5;ELECTRICITY;;;
C5;GASOLINE;;;
C5;DIESEL;;3.110871445024394;2.668155305452939
C5;GASOLINE_RE;;;
C5;DIESEL_RE;;;
C5;LFO;;;
C5;LFO_RE;;;
C5;JET_FUEL;;;
C5;JET_FUEL_RE;;;
C5;GAS;;;
C5;GAS_RE;;;
C5;WOOD;;;
C5;WET_BIOMASS;;;
C5;ENERGY_CROPS_2;;;
C5;BIOWASTE;;;
C5;BIOMASS_RESIDUES;;;
C5;COAL;;;
C5;URANIUM;;;
C5;WASTE;;;
C5;H2;;;
C5;H2_RE;;;
C5;AMMONIA;;;
C5;METHANOL;;;
C5;AMMONIA_RE;;;
C5;METHANOL_RE;;;
C5;CO2_EMISSIONS;;;
C5;RES_WIND;;;
C5;RES_SOLAR;;;
C5;RES_HYDRO;;;
C5;RES_GEO;;;
C5;CO2_ATM;;;
C5;CO2_INDUSTRY;;;
C5;CO2_CAPTURED;;;
C5;PT_HEAT;;;
C5;ST_HEAT;;;
C5;LPG;;8.022894424156883;6.018675486989419
C5;LNG;;;
C5;CO2_EMISSIONS_CAPTURED;;;
C5;CO2_EMISSIONS_ATM;;;
