Regions;Elements;C_inv;C_maint;C_op
C1;NUCLEAR;;;
C1;NUCLEAR_SMR;;;
C1;CCGT_AMMONIA;;;
C1;COAL_US;;;
C1;COAL_IGCC;;;
C1;BIOMASS_TO_POWER;;;
C1;PV_ROOFTOP;;;
C1;PV_UTILITY;0.059855517024642466;0.01532028705804041;
C1;PV_HS;0.025977215343906488;0.001002505047956915;
C1;PT_COLLECTOR;;;
C1;ST_COLLECTOR;;;
C1;PT_POWER_BLOCK;;;
C1;ST_POWER_BLOCK;;;
C1;WIND_ONSHORE;;;
C1;WIND_OFFSHORE;;;
C1;HYDRO_DAM;;;
C1;HYDRO_RIVER;;;
C1;TIDAL_STREAM;;;
C1;TIDAL_RANGE;;;
C1;WAVE;;;
C1;GEOTHERMAL;;;
C1;GENSET_DIESEL;5.008790642661647e-06;;
C1;HS_DIESEL;0.11140831792040437;0.00195108473217822;
C1;OCGT;;;
C1;CCGT;;;
C1;ST_BIOMASS;;;
C1;ST_SNG;;;
C1;CCGT_SUR;;;
C1;IND_COGEN_GAS;;;
C1;IND_COGEN_WOOD;;;
C1;IND_COGEN_WASTE;;;
C1;IND_BOILER_GAS;;;
C1;IND_BOILER_WOOD;;0.0007713701977973755;
C1;IND_BOILER_BIOWASTE;;;
C1;IND_BOILER_OIL;;9.241387486192396e-05;
C1;IND_BOILER_COAL;;;
C1;IND_BOILER_WASTE;;;
C1;IND_DIRECT_ELEC;;;
C1;DHN_HP_ELEC;;;
C1;DHN_COGEN_GAS;;;
C1;DHN_COGEN_WOOD;;;
C1;DHN_COGEN_WASTE;;;
C1;DHN_BOILER_GAS;;;
C1;DHN_BOILER_WOOD;;;
C1;DHN_BOILER_OIL;;;
C1;DHN_DEEP_GEO;;;
C1;DHN_SOLAR;;;
C1;DEC_HP_ELEC;;;
C1;DEC_THHP_GAS;;;
C1;DEC_COGEN_GAS;;;
C1;DEC_COGEN_OIL;;;
C1;DEC_ADVCOGEN_GAS;;;
C1;DEC_ADVCOGEN_H2;;;
C1;DEC_BOILER_GAS;4.913400091819207e-06;1.601792834869291e-05;
C1;DEC_BOILER_WOOD;;;
C1;DEC_BOILER_OIL;;;
C1;DEC_SOLAR;0.5444370320020049;0.05483120051247426;
C1;DEC_DIRECT_ELEC;0.0039253604660934895;0.0001508760797453308;
C1;DEC_ELEC_COLD;0.04534877452717647;0.01624794837167328;
C1;DEC_THHP_GAS_COLD;;;
C1;IND_ELEC_COLD;;;
C1;TRAMWAY_TROLLEY;;;
C1;BUS_COACH_DIESEL;;;
C1;BUS_COACH_HYDIESEL;;;
C1;BUS_COACH_CNG_STOICH;;;
C1;BUS_COACH_FC_HYBRIDH2;;;
C1;TRAIN_PUB;;;
C1;PLANE_SHORT_HAUL;;;
C1;PLANE_H2_SHORT_HAUL;;;
C1;PLANE_LONG_HAUL;;;
C1;CAR_GASOLINE;;;
C1;CAR_DIESEL;;;
C1;CAR_NG;;;
C1;CAR_METHANOL;;;
C1;CAR_HEV;;;
C1;CAR_PHEV;;;
C1;CAR_BEV;;;
C1;CAR_FUEL_CELL;;;
C1;TRAIN_FREIGHT;;;
C1;BOAT_FREIGHT_DIESEL;;;
C1;BOAT_FREIGHT_NG;;;
C1;BOAT_FREIGHT_METHANOL;;;
C1;CARGO_LFO;;;
C1;CARGO_LNG;;;
C1;CARGO_METHANOL;;;
C1;CARGO_AMMONIA;;;
C1;CARGO_FUELCELL_LH2;;;
C1;CARGO_FUELCELL_AMMONIA;;;
C1;CARGO_RETRO_METHANOL;;;
C1;CARGO_RETRO_AMMONIA;;;
C1;TRUCK_DIESEL;;;
C1;TRUCK_METHANOL;;;
C1;TRUCK_FUEL_CELL;;;
C1;TRUCK_ELEC;;;
C1;TRUCK_NG;;;
C1;EFFICIENCY;;;
C1;DHN;;;
C1;GRID;;;
C1;HVAC_LINE;0.05146364639049579;0.01006531216420972;
C1;HVDC_SUBSEA;;;
C1;GAS_PIPELINE;;;
C1;GAS_SUBSEA;;;
C1;H2_RETROFITTED;;;
C1;H2_NEW;;;
C1;H2_SUBSEA_RETRO;;;
C1;H2_SUBSEA_NEW;;;
C1;H2_ELECTROLYSIS;;;
C1;H2_NG;;;
C1;H2_BIOMASS;;;
C1;BIOMASS_TO_METHANE;;;
C1;BIOWASTE_TO_METHANE;;;
C1;SYN_METHANATION;;;
C1;BIOMETHANATION_WET_BIOMASS;;;
C1;BIOMETHANATION_BIOWASTE;;;
C1;BIOMASS_TO_JET_FUEL;;;
C1;BIOMASS_TO_LFO;;;
C1;BIOWASTE_TO_JET_FUEL;;;
C1;BIOWASTE_TO_LFO;;;
C1;DIESEL_TO_JET_FUEL;;;
C1;ATM_CCS;;;
C1;INDUSTRY_CCS;;;
C1;SYN_METHANOLATION;;;
C1;METHANE_TO_METHANOL;;;
C1;BIOMASS_TO_METHANOL;;;
C1;BIOWASTE_TO_METHANOL;;;
C1;HABER_BOSCH;;;
C1;POWER_TO_JET_FUEL;;;
C1;POWER_TO_LFO;;;
C1;H2_TO_JET_FUEL;;;
C1;H2_TO_LFO;;;
C1;AMMONIA_TO_H2;;;
C1;OIL_TO_HVC;;;
C1;GAS_TO_HVC;;;
C1;BIOMASS_TO_HVC;;;
C1;METHANOL_TO_HVC;;;
C1;BATT_LI;0.0005173560948507314;6.083609190252063e-06;
C1;BATT_HS;0.000270865403969312;0.0005013193712340614;
C1;CAES;;;
C1;BEV_BATT;;;
C1;PHEV_BATT;;;
C1;DAM_STORAGE;;;
C1;PHS;;;
C1;TS_DEC_DIRECT_ELEC;0.03193533774625355;0.001983378107020728;
C1;TS_DEC_HP_ELEC;;;
C1;TS_DEC_THHP_GAS;;;
C1;TS_DEC_COGEN_GAS;;;
C1;TS_DEC_COGEN_OIL;;;
C1;TS_DEC_ADVCOGEN_GAS;;;
C1;TS_DEC_ADVCOGEN_H2;;;
C1;TS_DEC_BOILER_GAS;2.203327352758816e-05;1.368399880027709e-06;
C1;TS_DEC_BOILER_WOOD;;;
C1;TS_DEC_BOILER_OIL;;;
C1;TS_DHN_DAILY;;;
C1;TS_DHN_SEASONAL;;;
C1;TS_HIGH_TEMP;;;
C1;GAS_STORAGE;;;
C1;H2_STORAGE;;;
C1;DIESEL_STORAGE;5.749723873528295e-05;0.001572515527680234;
C1;JET_FUEL_STORAGE;2.546745195382063e-05;6.56753310246702e-05;
C1;GASOLINE_STORAGE;7.026237235014547e-05;0.001461425549999806;
C1;LFO_STORAGE;;;
C1;AMMONIA_STORAGE;;;
C1;METHANOL_STORAGE;;;
C1;PT_STORAGE;;;
C1;ST_STORAGE;;;
C1;TS_COLD;;;
C1;CO2_STORAGE;;;
C1;STOVE_WOOD;;0.005317880639806956;
C1;STOVE_LPG;;0.02048456989537836;
C1;STOVE_NG;;9.551374590523983e-05;
C1;STOVE_OIL;;9.391867705318937e-05;
C1;STOVE_ELEC;0.0010016022370516703;0.000153860303521639;
C1;PLANE;;;
C1;FERMENTATION_TO_BIOETHANOL;;;
C1;ESTERIFICATION_TO_BIODIESEL;;;
C1;IND_BOILER_DIESEL;;0.0001355460207181479;
C1;IND_BOILER_LPG;;;
C1;LPG_STORAGE;0.0002032140124359155;9.510705608472838e-05;
C1;LNG_STORAGE;0.0001942266792385288;6.564638002804063e-05;
C1;CAR_FG_PRIVATE;;;
C1;BUS_FG_PRIVATE;;;
C1;PICKUP_TRUCK_FG_PRIVATE;;;
C1;SUV_FG_PRIVATE;;;
C1;MOTORCYCLE_FG_PRIVATE;;;
C1;CAR_FG_PUBLIC;;;
C1;BUS_FG_PUBLIC;;;
C1;PICKUP_TRUCK_FG_PUBLIC;;;
C1;SUV_FG_PUBLIC;;;
C1;MOTORCYCLE_FG_PUBLIC;;;
C1;CAR_GASOLINE_PRIVATE;;;
C1;BUS_GASOLINE_PRIVATE;;;
C1;PICKUP_TRUCK_GASOLINE_PRIVATE;;;
C1;SUV_GASOLINE_PRIVATE;;;
C1;MOTORCYCLE_GASOLINE_PRIVATE;;;
C1;CAR_GASOLINE_PUBLIC;;;
C1;BUS_GASOLINE_PUBLIC;;;
C1;PICKUP_TRUCK_GASOLINE_PUBLIC;;;
C1;SUV_GASOLINE_PUBLIC;;;
C1;MOTORCYCLE_GASOLINE_PUBLIC;;;
C1;CAR_DIESEL_PRIVATE;;;
C1;BUS_DIESEL_PRIVATE;;;
C1;PICKUP_TRUCK_DIESEL_PRIVATE;;;
C1;SUV_DIESEL_PRIVATE;;;
C1;MOTORCYCLE_DIESEL_PRIVATE;;;
C1;CAR_DIESEL_PUBLIC;;;
C1;BUS_DIESEL_PUBLIC;;;
C1;PICKUP_TRUCK_DIESEL_PUBLIC;;;
C1;SUV_DIESEL_PUBLIC;;;
C1;MOTORCYCLE_DIESEL_PUBLIC;;;
C1;TRUCK_FG;;;
C1;VAN_FG;;;
C1;CARGO_MOTORCYCLE_FG;;;
C1;TRUCK_GASOLINE;;;
C1;VAN_GASOLINE;;;
C1;CARGO_MOTORCYCLE_GASOLINE;;;
C1;TRUCK_DIESEL_P;;;
C1;VAN_DIESEL;;;
C1;CARGO_MOTORCYCLE_DIESEL;;;
C1;CONVENTIONAL_BULB;;;
C1;LED_BULB;3.61834303057888e-06;;
C1;CONVENTIONAL_LIGHT;;;
C1;LED_LIGHT;0.0016778446351268462;0.002033923643567513;
C1;REFRIGERATOR_EL;;;
C1;COMM_MACHINERY_DIESEL;5.029082717128144e-06;;
C1;COMM_MACHINERY_EL;5.002201474633269e-06;;
C1;IND_MACHINERY_EL;;;
C1;TRACTOR_DIESEL;;;
C1;AGR_MACHINERY_DIESEL;;;
C1;AGR_MACHINERY_EL;;;
C1;MIN_MACHINERY_DIESEL;;;
C1;MIN_MACHINERY_EL;;;
C1;FISH_MACHINERY_DIESEL;;6.810470409799395e-05;
C1;FISH_MACHINERY_EL;;4.798100836611391e-05;
C1;TRACTOR_EL;;;
C1;BUS_ELEC_PUBLIC;;;
C1;BUS_ELEC_PRIVATE;;;
C1;PICKUP_TRUCK_ELEC_PUBLIC;;;
C1;PICKUP_TRUCK_ELEC_PRIVATE;;;
C1;SUV_ELEC_PUBLIC;;;
C1;SUV_ELEC_PRIVATE;;;
C1;MOTORCYCLE_ELEC_PUBLIC;;;
C1;MOTORCYCLE_ELEC_PRIVATE;;;
C1;VAN_ELEC;;;
C1;CARGO_MOTORCYCLE_ELEC;;;
C1;TRAIN_FREIGHT_ELEC;;;
C1;BOAT_FREIGHT_ELEC;;;
C1;FUEL_CELL;;;
C1;ETHANOL_TO_FUELS;;;
C1;BIO_HYDROLYSIS;;;
C1;PYROLYSIS_TO_FUELS;;;
C1;PYROLYSIS_TO_LFO;;;
C1;FB_ST_BIOMASS;;;
C1;CFB_ST_BIOMASS;;;
C1;BFB_ST_BIOMASS;;;
C1;REGASIFICATION;3.4780189532853695e-05;6.31401919082794e-06;
C1;LIQUEFACTION;;;
C1;DIESEL_PIPELINE;;;
C1;GASOLINE_PIPELINE;;;
C1;LPG_PIPELINE;;;
C1;LFO_PIPELINE;;;
C1;JET_FUEL_PIPELINE;;;
C1;SUV_ELEC_PRIVATE_BATT;;;
C1;MOTORCYCLE_ELEC_PRIVATE_BATT;;;
C1;BUS_ELEC_PUBLIC_BATT;;;
C1;ELECTRICITY;;;0.6874423611844318
C1;GASOLINE;;;
C1;DIESEL;;;0.5757809768624327
C1;GASOLINE_RE;;;
C1;DIESEL_RE;;;
C1;LFO;;;
C1;LFO_RE;;;
C1;JET_FUEL;;;
C1;JET_FUEL_RE;;;
C1;GAS;;;
C1;GAS_RE;;;
C1;WOOD;;;8.480415121165453e-06
C1;WET_BIOMASS;;;
C1;ENERGY_CROPS_2;;;
C1;BIOWASTE;;;
C1;BIOMASS_RESIDUES;;;
C1;COAL;;;
C1;URANIUM;;;
C1;WASTE;;;
C1;H2;;;
C1;H2_RE;;;
C1;AMMONIA;;;
C1;METHANOL;;;
C1;AMMONIA_RE;;;
C1;METHANOL_RE;;;
C1;CO2_EMISSIONS;;;
C1;RES_WIND;;;
C1;RES_SOLAR;;;
C1;RES_HYDRO;;;
C1;RES_GEO;;;
C1;CO2_ATM;;;
C1;CO2_INDUSTRY;;;
C1;CO2_CAPTURED;;;
C1;PT_HEAT;;;
C1;ST_HEAT;;;
C1;LPG;;;0.5611715210937385
C1;LNG;;;3.198611337471339e-05
C1;CO2_EMISSIONS_CAPTURED;;;
C1;CO2_EMISSIONS_ATM;;;
C2;NUCLEAR;;;
C2;NUCLEAR_SMR;;;
C2;CCGT_AMMONIA;;;
C2;COAL_US;;;
C2;COAL_IGCC;;;
C2;BIOMASS_TO_POWER;;;
C2;PV_ROOFTOP;;;
C2;PV_UTILITY;0.0024034143800984557;0.0006151646506932924;
C2;PV_HS;0.0009407008599649016;3.583595865400318e-05;
C2;PT_COLLECTOR;;;
C2;ST_COLLECTOR;;;
C2;PT_POWER_BLOCK;;;
C2;ST_POWER_BLOCK;;;
C2;WIND_ONSHORE;;;
C2;WIND_OFFSHORE;;;
C2;HYDRO_DAM;;;
C2;HYDRO_RIVER;;;
C2;TIDAL_STREAM;;;
C2;TIDAL_RANGE;;;
C2;WAVE;;;
C2;GEOTHERMAL;;;
C2;GENSET_DIESEL;5.453648905793646e-06;;
C2;HS_DIESEL;;5.292738910383963e-05;
C2;OCGT;;;
C2;CCGT;;;
C2;ST_BIOMASS;;;
C2;ST_SNG;;;
C2;CCGT_SUR;;;
C2;IND_COGEN_GAS;;;
C2;IND_COGEN_WOOD;;;
C2;IND_COGEN_WASTE;;;
C2;IND_BOILER_GAS;;;
C2;IND_BOILER_WOOD;;7.564672274804575e-05;
C2;IND_BOILER_BIOWASTE;;;
C2;IND_BOILER_OIL;;9.062842704727686e-06;
C2;IND_BOILER_COAL;;;
C2;IND_BOILER_WASTE;;;
C2;IND_DIRECT_ELEC;;;
C2;DHN_HP_ELEC;;;
C2;DHN_COGEN_GAS;;;
C2;DHN_COGEN_WOOD;;;
C2;DHN_COGEN_WASTE;;;
C2;DHN_BOILER_GAS;;;
C2;DHN_BOILER_WOOD;;;
C2;DHN_BOILER_OIL;;;
C2;DHN_DEEP_GEO;;;
C2;DHN_SOLAR;;;
C2;DEC_HP_ELEC;;;
C2;DEC_THHP_GAS;;;
C2;DEC_COGEN_GAS;;;
C2;DEC_COGEN_OIL;;;
C2;DEC_ADVCOGEN_GAS;;;
C2;DEC_ADVCOGEN_H2;;;
C2;DEC_BOILER_GAS;2.8544896146737204e-06;2.141923410790135e-06;
C2;DEC_BOILER_WOOD;;;
C2;DEC_BOILER_OIL;;;
C2;DEC_SOLAR;0.03747763983672787;0.003774438298338148;
C2;DEC_DIRECT_ELEC;0.0003578282189750791;1.389438314278911e-05;
C2;DEC_ELEC_COLD;0.003202645162503736;0.001147471211641356;
C2;DEC_THHP_GAS_COLD;;;
C2;IND_ELEC_COLD;;;
C2;TRAMWAY_TROLLEY;;;
C2;BUS_COACH_DIESEL;;;
C2;BUS_COACH_HYDIESEL;;;
C2;BUS_COACH_CNG_STOICH;;;
C2;BUS_COACH_FC_HYBRIDH2;;;
C2;TRAIN_PUB;;;
C2;PLANE_SHORT_HAUL;;;
C2;PLANE_H2_SHORT_HAUL;;;
C2;PLANE_LONG_HAUL;;;
C2;CAR_GASOLINE;;;
C2;CAR_DIESEL;;;
C2;CAR_NG;;;
C2;CAR_METHANOL;;;
C2;CAR_HEV;;;
C2;CAR_PHEV;;;
C2;CAR_BEV;;;
C2;CAR_FUEL_CELL;;;
C2;TRAIN_FREIGHT;;;
C2;BOAT_FREIGHT_DIESEL;;;
C2;BOAT_FREIGHT_NG;;;
C2;BOAT_FREIGHT_METHANOL;;;
C2;CARGO_LFO;;;
C2;CARGO_LNG;;;
C2;CARGO_METHANOL;;;
C2;CARGO_AMMONIA;;;
C2;CARGO_FUELCELL_LH2;;;
C2;CARGO_FUELCELL_AMMONIA;;;
C2;CARGO_RETRO_METHANOL;;;
C2;CARGO_RETRO_AMMONIA;;;
C2;TRUCK_DIESEL;;;
C2;TRUCK_METHANOL;;;
C2;TRUCK_FUEL_CELL;;;
C2;TRUCK_ELEC;;;
C2;TRUCK_NG;;;
C2;EFFICIENCY;;;
C2;DHN;;;
C2;GRID;;;
C2;HVAC_LINE;0.0003962840352552262;7.750563359368121e-05;
C2;HVDC_SUBSEA;;;
C2;GAS_PIPELINE;;;
C2;GAS_SUBSEA;;;
C2;H2_RETROFITTED;;;
C2;H2_NEW;;;
C2;H2_SUBSEA_RETRO;;;
C2;H2_SUBSEA_NEW;;;
C2;H2_ELECTROLYSIS;;;
C2;H2_NG;;;
C2;H2_BIOMASS;;;
C2;BIOMASS_TO_METHANE;;;
C2;BIOWASTE_TO_METHANE;;;
C2;SYN_METHANATION;;;
C2;BIOMETHANATION_WET_BIOMASS;;;
C2;BIOMETHANATION_BIOWASTE;;;
C2;BIOMASS_TO_JET_FUEL;;;
C2;BIOMASS_TO_LFO;;;
C2;BIOWASTE_TO_JET_FUEL;;;
C2;BIOWASTE_TO_LFO;;;
C2;DIESEL_TO_JET_FUEL;;;
C2;ATM_CCS;;;
C2;INDUSTRY_CCS;;;
C2;SYN_METHANOLATION;;;
C2;METHANE_TO_METHANOL;;;
C2;BIOMASS_TO_METHANOL;;;
C2;BIOWASTE_TO_METHANOL;;;
C2;HABER_BOSCH;;;
C2;POWER_TO_JET_FUEL;;;
C2;POWER_TO_LFO;;;
C2;H2_TO_JET_FUEL;;;
C2;H2_TO_LFO;;;
C2;AMMONIA_TO_H2;;;
C2;OIL_TO_HVC;;;
C2;GAS_TO_HVC;;;
C2;BIOMASS_TO_HVC;;;
C2;METHANOL_TO_HVC;;;
C2;BATT_LI;0.001434151579487967;1.686424073481692e-05;
C2;BATT_HS;1.8846789199299863e-05;1.79495852013833e-05;
C2;CAES;;;
C2;BEV_BATT;;;
C2;PHEV_BATT;;;
C2;DAM_STORAGE;;;
C2;PHS;;;
C2;TS_DEC_DIRECT_ELEC;0.002394406979598313;0.0001487071913992845;
C2;TS_DEC_HP_ELEC;;;
C2;TS_DEC_THHP_GAS;;;
C2;TS_DEC_COGEN_GAS;;;
C2;TS_DEC_COGEN_OIL;;;
C2;TS_DEC_ADVCOGEN_GAS;;;
C2;TS_DEC_ADVCOGEN_H2;;;
C2;TS_DEC_BOILER_GAS;2.105002585974248e-05;1.307334238145995e-06;
C2;TS_DEC_BOILER_WOOD;;;
C2;TS_DEC_BOILER_OIL;;;
C2;TS_DHN_DAILY;;;
C2;TS_DHN_SEASONAL;;;
C2;TS_HIGH_TEMP;;;
C2;GAS_STORAGE;;;
C2;H2_STORAGE;;;
C2;DIESEL_STORAGE;0.00030928233609806363;0.0002568415044924216;
C2;JET_FUEL_STORAGE;0.00017766956150335416;6.564677216419821e-05;
C2;GASOLINE_STORAGE;0.00010357242782258598;0.0001759964436189119;
C2;LFO_STORAGE;;;
C2;AMMONIA_STORAGE;;;
C2;METHANOL_STORAGE;;;
C2;PT_STORAGE;;;
C2;ST_STORAGE;;;
C2;TS_COLD;;;
C2;CO2_STORAGE;;;
C2;STOVE_WOOD;;0.000360433233745771;
C2;STOVE_LPG;;0.001646647251457204;
C2;STOVE_NG;1.2387720872310373e-06;9.557242340475687e-06;
C2;STOVE_OIL;;9.388696839907389e-06;
C2;STOVE_ELEC;0.0004099972666675623;6.298139277144929e-05;
C2;PLANE;;;
C2;FERMENTATION_TO_BIOETHANOL;;;
C2;ESTERIFICATION_TO_BIODIESEL;;;
C2;IND_BOILER_DIESEL;;1.329272543604238e-05;
C2;IND_BOILER_LPG;;;
C2;LPG_STORAGE;0.00022947832234257407;8.015228569427642e-05;
C2;LNG_STORAGE;0.00019422667973875975;6.564638019711293e-05;
C2;CAR_FG_PRIVATE;;;
C2;BUS_FG_PRIVATE;;;
C2;PICKUP_TRUCK_FG_PRIVATE;;;
C2;SUV_FG_PRIVATE;;;
C2;MOTORCYCLE_FG_PRIVATE;;;
C2;CAR_FG_PUBLIC;;;
C2;BUS_FG_PUBLIC;;;
C2;PICKUP_TRUCK_FG_PUBLIC;;;
C2;SUV_FG_PUBLIC;;;
C2;MOTORCYCLE_FG_PUBLIC;;;
C2;CAR_GASOLINE_PRIVATE;;;
C2;BUS_GASOLINE_PRIVATE;;;
C2;PICKUP_TRUCK_GASOLINE_PRIVATE;;;
C2;SUV_GASOLINE_PRIVATE;;;
C2;MOTORCYCLE_GASOLINE_PRIVATE;;;
C2;CAR_GASOLINE_PUBLIC;;;
C2;BUS_GASOLINE_PUBLIC;;;
C2;PICKUP_TRUCK_GASOLINE_PUBLIC;;;
C2;SUV_GASOLINE_PUBLIC;;;
C2;MOTORCYCLE_GASOLINE_PUBLIC;;;
C2;CAR_DIESEL_PRIVATE;;;
C2;BUS_DIESEL_PRIVATE;;;
C2;PICKUP_TRUCK_DIESEL_PRIVATE;;;
C2;SUV_DIESEL_PRIVATE;;;
C2;MOTORCYCLE_DIESEL_PRIVATE;;;
C2;CAR_DIESEL_PUBLIC;;;
C2;BUS_DIESEL_PUBLIC;;;
C2;PICKUP_TRUCK_DIESEL_PUBLIC;;;
C2;SUV_DIESEL_PUBLIC;;;
C2;MOTORCYCLE_DIESEL_PUBLIC;;;
C2;TRUCK_FG;;;
C2;VAN_FG;;;
C2;CARGO_MOTORCYCLE_FG;;;
C2;TRUCK_GASOLINE;;;
C2;VAN_GASOLINE;;;
C2;CARGO_MOTORCYCLE_GASOLINE;;;
C2;TRUCK_DIESEL_P;;;
C2;VAN_DIESEL;;;
C2;CARGO_MOTORCYCLE_DIESEL;;;
C2;CONVENTIONAL_BULB;;;
C2;LED_BULB;;;
C2;CONVENTIONAL_LIGHT;;;
C2;LED_LIGHT;0.0001283863893593519;0.0001556330707643315;
C2;REFRIGERATOR_EL;;;
C2;COMM_MACHINERY_DIESEL;4.747851828725531e-06;;
C2;COMM_MACHINERY_EL;4.884464126392659e-06;;
C2;IND_MACHINERY_EL;;;
C2;TRACTOR_DIESEL;;;
C2;AGR_MACHINERY_DIESEL;;;
C2;AGR_MACHINERY_EL;;;
C2;MIN_MACHINERY_DIESEL;;;
C2;MIN_MACHINERY_EL;;;
C2;FISH_MACHINERY_DIESEL;;6.678891255391362e-06;
C2;FISH_MACHINERY_EL;;4.705400918271317e-06;
C2;TRACTOR_EL;;;
C2;BUS_ELEC_PUBLIC;;;
C2;BUS_ELEC_PRIVATE;;;
C2;PICKUP_TRUCK_ELEC_PUBLIC;;;
C2;PICKUP_TRUCK_ELEC_PRIVATE;;;
C2;SUV_ELEC_PUBLIC;;;
C2;SUV_ELEC_PRIVATE;;;
C2;MOTORCYCLE_ELEC_PUBLIC;;;
C2;MOTORCYCLE_ELEC_PRIVATE;;;
C2;VAN_ELEC;;;
C2;CARGO_MOTORCYCLE_ELEC;;;
C2;TRAIN_FREIGHT_ELEC;;;
C2;BOAT_FREIGHT_ELEC;;;
C2;FUEL_CELL;;;
C2;ETHANOL_TO_FUELS;;;
C2;BIO_HYDROLYSIS;;;
C2;PYROLYSIS_TO_FUELS;;;
C2;PYROLYSIS_TO_LFO;;;
C2;FB_ST_BIOMASS;;;
C2;CFB_ST_BIOMASS;;;
C2;BFB_ST_BIOMASS;;;
C2;REGASIFICATION;1.9465364664295086e-05;3.533755499829186e-06;
C2;LIQUEFACTION;;;
C2;DIESEL_PIPELINE;;;
C2;GASOLINE_PIPELINE;;;
C2;LPG_PIPELINE;;;
C2;LFO_PIPELINE;;;
C2;JET_FUEL_PIPELINE;;;
C2;SUV_ELEC_PRIVATE_BATT;;;
C2;MOTORCYCLE_ELEC_PRIVATE_BATT;;;
C2;BUS_ELEC_PUBLIC_BATT;;;
C2;ELECTRICITY;;;
C2;GASOLINE;;;
C2;DIESEL;;;0.01321755165942576
C2;GASOLINE_RE;;;
C2;DIESEL_RE;;;
C2;LFO;;;
C2;LFO_RE;;;
C2;JET_FUEL;;;
C2;JET_FUEL_RE;;;
C2;GAS;;;
C2;GAS_RE;;;
C2;WOOD;;;8.241574868983914e-06
C2;WET_BIOMASS;;;
C2;ENERGY_CROPS_2;;;
C2;BIOWASTE;;;
C2;BIOMASS_RESIDUES;;;
C2;COAL;;;
C2;URANIUM;;;
C2;WASTE;;;
C2;H2;;;
C2;H2_RE;;;
C2;AMMONIA;;;
C2;METHANOL;;;
C2;AMMONIA_RE;;;
C2;METHANOL_RE;;;
C2;CO2_EMISSIONS;;;
C2;RES_WIND;;;
C2;RES_SOLAR;;;
C2;RES_HYDRO;;;
C2;RES_GEO;;;
C2;CO2_ATM;;;
C2;CO2_INDUSTRY;;;
C2;CO2_CAPTURED;;;
C2;PT_HEAT;;;
C2;ST_HEAT;;;
C2;LPG;;;0.03708964568504287
C2;LNG;;;2.494156090086772e-05
C2;CO2_EMISSIONS_CAPTURED;;;
C2;CO2_EMISSIONS_ATM;;;
C3;NUCLEAR;;;
C3;NUCLEAR_SMR;;;
C3;CCGT_AMMONIA;;;
C3;COAL_US;;;
C3;COAL_IGCC;;;
C3;BIOMASS_TO_POWER;;;
C3;PV_ROOFTOP;;;
C3;PV_UTILITY;4.811854343548374;1.231615621903151;
C3;PV_HS;0.16515679603378144;0.005199050208002809;
C3;PT_COLLECTOR;;;
C3;ST_COLLECTOR;;;
C3;PT_POWER_BLOCK;;;
C3;ST_POWER_BLOCK;;;
C3;WIND_ONSHORE;;;
C3;WIND_OFFSHORE;;;
C3;HYDRO_DAM;;;
C3;HYDRO_RIVER;;;
C3;TIDAL_STREAM;;;
C3;TIDAL_RANGE;;;
C3;WAVE;;;
C3;GEOTHERMAL;;;
C3;GENSET_DIESEL;;0.3076608587617671;
C3;HS_DIESEL;;0.0001439125356614933;
C3;OCGT;;;
C3;CCGT;;;
C3;ST_BIOMASS;;;
C3;ST_SNG;;;
C3;CCGT_SUR;;;
C3;IND_COGEN_GAS;;;
C3;IND_COGEN_WOOD;;;
C3;IND_COGEN_WASTE;;;
C3;IND_BOILER_GAS;;;
C3;IND_BOILER_WOOD;;0.003801012011596788;
C3;IND_BOILER_BIOWASTE;;;
C3;IND_BOILER_OIL;;0.0004553795951559023;
C3;IND_BOILER_COAL;;;
C3;IND_BOILER_WASTE;;;
C3;IND_DIRECT_ELEC;;;
C3;DHN_HP_ELEC;;;
C3;DHN_COGEN_GAS;;;
C3;DHN_COGEN_WOOD;;;
C3;DHN_COGEN_WASTE;;;
C3;DHN_BOILER_GAS;;;
C3;DHN_BOILER_WOOD;;;
C3;DHN_BOILER_OIL;;;
C3;DHN_DEEP_GEO;;;
C3;DHN_SOLAR;;;
C3;DEC_HP_ELEC;;;
C3;DEC_THHP_GAS;;;
C3;DEC_COGEN_GAS;;;
C3;DEC_COGEN_OIL;;;
C3;DEC_ADVCOGEN_GAS;;;
C3;DEC_ADVCOGEN_H2;;;
C3;DEC_BOILER_GAS;1.444136760839245e-06;7.34502217413343e-05;
C3;DEC_BOILER_WOOD;;;
C3;DEC_BOILER_OIL;;;
C3;DEC_SOLAR;1.8465088758897363;0.1859651207958256;
C3;DEC_DIRECT_ELEC;0.017740826638816588;0.0006902064050297125;
C3;DEC_ELEC_COLD;0.15611108944110946;0.05593282173401971;
C3;DEC_THHP_GAS_COLD;;;
C3;IND_ELEC_COLD;;;
C3;TRAMWAY_TROLLEY;;;
C3;BUS_COACH_DIESEL;;;
C3;BUS_COACH_HYDIESEL;;;
C3;BUS_COACH_CNG_STOICH;;;
C3;BUS_COACH_FC_HYBRIDH2;;;
C3;TRAIN_PUB;;;
C3;PLANE_SHORT_HAUL;;;
C3;PLANE_H2_SHORT_HAUL;;;
C3;PLANE_LONG_HAUL;;;
C3;CAR_GASOLINE;;;
C3;CAR_DIESEL;;;
C3;CAR_NG;;;
C3;CAR_METHANOL;;;
C3;CAR_HEV;;;
C3;CAR_PHEV;;;
C3;CAR_BEV;;;
C3;CAR_FUEL_CELL;;;
C3;TRAIN_FREIGHT;;;
C3;BOAT_FREIGHT_DIESEL;;;
C3;BOAT_FREIGHT_NG;;;
C3;BOAT_FREIGHT_METHANOL;;;
C3;CARGO_LFO;;;
C3;CARGO_LNG;;;
C3;CARGO_METHANOL;;;
C3;CARGO_AMMONIA;;;
C3;CARGO_FUELCELL_LH2;;;
C3;CARGO_FUELCELL_AMMONIA;;;
C3;CARGO_RETRO_METHANOL;;;
C3;CARGO_RETRO_AMMONIA;;;
C3;TRUCK_DIESEL;;;
C3;TRUCK_METHANOL;;;
C3;TRUCK_FUEL_CELL;;;
C3;TRUCK_ELEC;;;
C3;TRUCK_NG;;;
C3;EFFICIENCY;;;
C3;DHN;;;
C3;GRID;;;
C3;HVAC_LINE;0.04360220701677869;0.008527763877093295;
C3;HVDC_SUBSEA;;;
C3;GAS_PIPELINE;;;
C3;GAS_SUBSEA;;;
C3;H2_RETROFITTED;;;
C3;H2_NEW;;;
C3;H2_SUBSEA_RETRO;;;
C3;H2_SUBSEA_NEW;;;
C3;H2_ELECTROLYSIS;;;
C3;H2_NG;;;
C3;H2_BIOMASS;;;
C3;BIOMASS_TO_METHANE;;;
C3;BIOWASTE_TO_METHANE;;;
C3;SYN_METHANATION;;;
C3;BIOMETHANATION_WET_BIOMASS;;;
C3;BIOMETHANATION_BIOWASTE;;;
C3;BIOMASS_TO_JET_FUEL;;;
C3;BIOMASS_TO_LFO;;;
C3;BIOWASTE_TO_JET_FUEL;;;
C3;BIOWASTE_TO_LFO;;;
C3;DIESEL_TO_JET_FUEL;;;
C3;ATM_CCS;;;
C3;INDUSTRY_CCS;;;
C3;SYN_METHANOLATION;;;
C3;METHANE_TO_METHANOL;;;
C3;BIOMASS_TO_METHANOL;;;
C3;BIOWASTE_TO_METHANOL;;;
C3;HABER_BOSCH;;;
C3;POWER_TO_JET_FUEL;;;
C3;POWER_TO_LFO;;;
C3;H2_TO_JET_FUEL;;;
C3;H2_TO_LFO;;;
C3;AMMONIA_TO_H2;;;
C3;OIL_TO_HVC;;;
C3;GAS_TO_HVC;;;
C3;BIOMASS_TO_HVC;;;
C3;METHANOL_TO_HVC;;;
C3;BATT_LI;4.501968623687445;0.05293881325819401;
C3;BATT_HS;0.023974254396937483;0.002599590150693906;
C3;CAES;;;
C3;BEV_BATT;;;
C3;PHEV_BATT;;;
C3;DAM_STORAGE;;;
C3;PHS;;;
C3;TS_DEC_DIRECT_ELEC;0.11845455991249847;0.007356746394040764;
C3;TS_DEC_HP_ELEC;;;
C3;TS_DEC_THHP_GAS;;;
C3;TS_DEC_COGEN_GAS;;;
C3;TS_DEC_COGEN_OIL;;;
C3;TS_DEC_ADVCOGEN_GAS;;;
C3;TS_DEC_ADVCOGEN_H2;;;
C3;TS_DEC_BOILER_GAS;2.1057214515589867e-05;1.30778069726097e-06;
C3;TS_DEC_BOILER_WOOD;;;
C3;TS_DEC_BOILER_OIL;;;
C3;TS_DHN_DAILY;;;
C3;TS_DHN_SEASONAL;;;
C3;TS_HIGH_TEMP;;;
C3;GAS_STORAGE;;;
C3;H2_STORAGE;;;
C3;DIESEL_STORAGE;1.2859831153232199e-05;0.007657330506053325;
C3;JET_FUEL_STORAGE;0.0001263334932673976;0.0003239063060099185;
C3;GASOLINE_STORAGE;1.647374434733459e-05;0.007089883789506257;
C3;LFO_STORAGE;;;
C3;AMMONIA_STORAGE;;;
C3;METHANOL_STORAGE;;;
C3;PT_STORAGE;;;
C3;ST_STORAGE;;;
C3;TS_COLD;;;
C3;CO2_STORAGE;;;
C3;STOVE_WOOD;;0.007434643002345851;
C3;STOVE_LPG;;0.1101532721775312;
C3;STOVE_NG;;0.0004704410909583006;
C3;STOVE_OIL;;0.0004627838881280609;
C3;STOVE_ELEC;0.02037308588253038;0.003129594824773574;
C3;PLANE;;;
C3;FERMENTATION_TO_BIOETHANOL;;;
C3;ESTERIFICATION_TO_BIODIESEL;;;
C3;IND_BOILER_DIESEL;;0.0006679180169844316;
C3;IND_BOILER_LPG;;;
C3;LPG_STORAGE;0.005736662494478141;0.002069128391906931;
C3;LNG_STORAGE;0.00019422668114890402;6.564638067372543e-05;
C3;CAR_FG_PRIVATE;;;
C3;BUS_FG_PRIVATE;;;
C3;PICKUP_TRUCK_FG_PRIVATE;;;
C3;SUV_FG_PRIVATE;;;
C3;MOTORCYCLE_FG_PRIVATE;;;
C3;CAR_FG_PUBLIC;;;
C3;BUS_FG_PUBLIC;;;
C3;PICKUP_TRUCK_FG_PUBLIC;;;
C3;SUV_FG_PUBLIC;;;
C3;MOTORCYCLE_FG_PUBLIC;;;
C3;CAR_GASOLINE_PRIVATE;;;
C3;BUS_GASOLINE_PRIVATE;;;
C3;PICKUP_TRUCK_GASOLINE_PRIVATE;;;
C3;SUV_GASOLINE_PRIVATE;;;
C3;MOTORCYCLE_GASOLINE_PRIVATE;;;
C3;CAR_GASOLINE_PUBLIC;;;
C3;BUS_GASOLINE_PUBLIC;;;
C3;PICKUP_TRUCK_GASOLINE_PUBLIC;;;
C3;SUV_GASOLINE_PUBLIC;;;
C3;MOTORCYCLE_GASOLINE_PUBLIC;;;
C3;CAR_DIESEL_PRIVATE;;;
C3;BUS_DIESEL_PRIVATE;;;
C3;PICKUP_TRUCK_DIESEL_PRIVATE;;;
C3;SUV_DIESEL_PRIVATE;;;
C3;MOTORCYCLE_DIESEL_PRIVATE;;;
C3;CAR_DIESEL_PUBLIC;;;
C3;BUS_DIESEL_PUBLIC;;;
C3;PICKUP_TRUCK_DIESEL_PUBLIC;;;
C3;SUV_DIESEL_PUBLIC;;;
C3;MOTORCYCLE_DIESEL_PUBLIC;;;
C3;TRUCK_FG;;;
C3;VAN_FG;;;
C3;CARGO_MOTORCYCLE_FG;;;
C3;TRUCK_GASOLINE;;;
C3;VAN_GASOLINE;;;
C3;CARGO_MOTORCYCLE_GASOLINE;;;
C3;TRUCK_DIESEL_P;;;
C3;VAN_DIESEL;;;
C3;CARGO_MOTORCYCLE_DIESEL;;;
C3;CONVENTIONAL_BULB;;;
C3;LED_BULB;1.3581993778698768e-05;;
C3;CONVENTIONAL_LIGHT;;;
C3;LED_LIGHT;0.006241849465523;0.007566520130486749;
C3;REFRIGERATOR_EL;;;
C3;COMM_MACHINERY_DIESEL;5.81970520670275e-06;;
C3;COMM_MACHINERY_EL;5.564801052975369e-06;;
C3;IND_MACHINERY_EL;;;
C3;TRACTOR_DIESEL;;;
C3;AGR_MACHINERY_DIESEL;;2.309402401064444e-06;
C3;AGR_MACHINERY_EL;;;
C3;MIN_MACHINERY_DIESEL;;;
C3;MIN_MACHINERY_EL;;;
C3;FISH_MACHINERY_DIESEL;;0.0003355934660969628;
C3;FISH_MACHINERY_EL;;0.0002364317284345393;
C3;TRACTOR_EL;;;
C3;BUS_ELEC_PUBLIC;;;
C3;BUS_ELEC_PRIVATE;;;
C3;PICKUP_TRUCK_ELEC_PUBLIC;;;
C3;PICKUP_TRUCK_ELEC_PRIVATE;;;
C3;SUV_ELEC_PUBLIC;;;
C3;SUV_ELEC_PRIVATE;;;
C3;MOTORCYCLE_ELEC_PUBLIC;;;
C3;MOTORCYCLE_ELEC_PRIVATE;;;
C3;VAN_ELEC;;;
C3;CARGO_MOTORCYCLE_ELEC;;;
C3;TRAIN_FREIGHT_ELEC;;;
C3;BOAT_FREIGHT_ELEC;;;
C3;FUEL_CELL;;;
C3;ETHANOL_TO_FUELS;;;
C3;BIO_HYDROLYSIS;;;
C3;PYROLYSIS_TO_FUELS;;;
C3;PYROLYSIS_TO_LFO;;;
C3;FB_ST_BIOMASS;;;
C3;CFB_ST_BIOMASS;;;
C3;BFB_ST_BIOMASS;;;
C3;REGASIFICATION;2.4331402291926762e-05;4.417139270211889e-06;
C3;LIQUEFACTION;;;
C3;DIESEL_PIPELINE;;;
C3;GASOLINE_PIPELINE;;;
C3;LPG_PIPELINE;;;
C3;LFO_PIPELINE;;;
C3;JET_FUEL_PIPELINE;;;
C3;SUV_ELEC_PRIVATE_BATT;;;
C3;MOTORCYCLE_ELEC_PRIVATE_BATT;;;
C3;BUS_ELEC_PUBLIC_BATT;;;
C3;ELECTRICITY;;;
C3;GASOLINE;;;
C3;DIESEL;;;1.086006151931932
C3;GASOLINE_RE;;;
C3;DIESEL_RE;;;
C3;LFO;;;
C3;LFO_RE;;;
C3;JET_FUEL;;;
C3;JET_FUEL_RE;;;
C3;GAS;;;
C3;GAS_RE;;;
C3;WOOD;;;8.298885296619305e-06
C3;WET_BIOMASS;;;
C3;ENERGY_CROPS_2;;;
C3;BIOWASTE;;;
C3;BIOMASS_RESIDUES;;;
C3;COAL;;;
C3;URANIUM;;;
C3;WASTE;;;
C3;H2;;;
C3;H2_RE;;;
C3;AMMONIA;;;
C3;METHANOL;;;
C3;AMMONIA_RE;;;
C3;METHANOL_RE;;;
C3;CO2_EMISSIONS;;;
C3;RES_WIND;;;
C3;RES_SOLAR;;;
C3;RES_HYDRO;;;
C3;RES_GEO;;;
C3;CO2_ATM;;;
C3;CO2_INDUSTRY;;;
C3;CO2_CAPTURED;;;
C3;PT_HEAT;;;
C3;ST_HEAT;;;
C3;LPG;;;1.724149311352693
C3;LNG;;;3.090379855460277e-05
C3;CO2_EMISSIONS_CAPTURED;;;
C3;CO2_EMISSIONS_ATM;;;
C4;NUCLEAR;;;
C4;NUCLEAR_SMR;;;
C4;CCGT_AMMONIA;;;
C4;COAL_US;;;
C4;COAL_IGCC;;;
C4;BIOMASS_TO_POWER;;;
C4;PV_ROOFTOP;;;
C4;PV_UTILITY;1.513074602505691;0.3872782059684505;
C4;PV_HS;0.3769940071900393;0.01179823920212278;
C4;PT_COLLECTOR;;;
C4;ST_COLLECTOR;;;
C4;PT_POWER_BLOCK;;;
C4;ST_POWER_BLOCK;;;
C4;WIND_ONSHORE;;;
C4;WIND_OFFSHORE;;;
C4;HYDRO_DAM;;;
C4;HYDRO_RIVER;;;
C4;TIDAL_STREAM;;;
C4;TIDAL_RANGE;;;
C4;WAVE;;;
C4;GEOTHERMAL;;;
C4;GENSET_DIESEL;;0.04280599476771713;
C4;HS_DIESEL;;0.0003228317591302917;
C4;OCGT;;;
C4;CCGT;;;
C4;ST_BIOMASS;;;
C4;ST_SNG;;;
C4;CCGT_SUR;;;
C4;IND_COGEN_GAS;;;
C4;IND_COGEN_WOOD;;;
C4;IND_COGEN_WASTE;;;
C4;IND_BOILER_GAS;;;
C4;IND_BOILER_WOOD;;0.001485769547041181;
C4;IND_BOILER_BIOWASTE;;;
C4;IND_BOILER_OIL;;0.0001780023669386369;
C4;IND_BOILER_COAL;;;
C4;IND_BOILER_WASTE;;;
C4;IND_DIRECT_ELEC;;;
C4;DHN_HP_ELEC;;;
C4;DHN_COGEN_GAS;;;
C4;DHN_COGEN_WOOD;;;
C4;DHN_COGEN_WASTE;;;
C4;DHN_BOILER_GAS;;;
C4;DHN_BOILER_WOOD;;;
C4;DHN_BOILER_OIL;;;
C4;DHN_DEEP_GEO;;;
C4;DHN_SOLAR;;;
C4;DEC_HP_ELEC;;;
C4;DEC_THHP_GAS;;;
C4;DEC_COGEN_GAS;;;
C4;DEC_COGEN_OIL;;;
C4;DEC_ADVCOGEN_GAS;;;
C4;DEC_ADVCOGEN_H2;;;
C4;DEC_BOILER_GAS;2.3954025167558157e-06;2.915148757136558e-05;
C4;DEC_BOILER_WOOD;;;
C4;DEC_BOILER_OIL;;;
C4;DEC_SOLAR;0.8467646600248422;0.0852791418136455;
C4;DEC_DIRECT_ELEC;0.0022738132124554278;0.0001148441033726892;
C4;DEC_ELEC_COLD;0.06294407677094635;0.02255214435980155;
C4;DEC_THHP_GAS_COLD;;;
C4;IND_ELEC_COLD;;;
C4;TRAMWAY_TROLLEY;;;
C4;BUS_COACH_DIESEL;;;
C4;BUS_COACH_HYDIESEL;;;
C4;BUS_COACH_CNG_STOICH;;;
C4;BUS_COACH_FC_HYBRIDH2;;;
C4;TRAIN_PUB;;;
C4;PLANE_SHORT_HAUL;;;
C4;PLANE_H2_SHORT_HAUL;;;
C4;PLANE_LONG_HAUL;;;
C4;CAR_GASOLINE;;;
C4;CAR_DIESEL;;;
C4;CAR_NG;;;
C4;CAR_METHANOL;;;
C4;CAR_HEV;;;
C4;CAR_PHEV;;;
C4;CAR_BEV;;;
C4;CAR_FUEL_CELL;;;
C4;TRAIN_FREIGHT;;;
C4;BOAT_FREIGHT_DIESEL;;;
C4;BOAT_FREIGHT_NG;;;
C4;BOAT_FREIGHT_METHANOL;;;
C4;CARGO_LFO;;;
C4;CARGO_LNG;;;
C4;CARGO_METHANOL;;;
C4;CARGO_AMMONIA;;;
C4;CARGO_FUELCELL_LH2;;;
C4;CARGO_FUELCELL_AMMONIA;;;
C4;CARGO_RETRO_METHANOL;;;
C4;CARGO_RETRO_AMMONIA;;;
C4;TRUCK_DIESEL;;;
C4;TRUCK_METHANOL;;;
C4;TRUCK_FUEL_CELL;;;
C4;TRUCK_ELEC;;;
C4;TRUCK_NG;;;
C4;EFFICIENCY;;;
C4;DHN;;;
C4;GRID;;;
C4;HVAC_LINE;0.0958793303027852;0.01875217667769321;
C4;HVDC_SUBSEA;;;
C4;GAS_PIPELINE;;;
C4;GAS_SUBSEA;;;
C4;H2_RETROFITTED;;;
C4;H2_NEW;;;
C4;H2_SUBSEA_RETRO;;;
C4;H2_SUBSEA_NEW;;;
C4;H2_ELECTROLYSIS;;;
C4;H2_NG;;;
C4;H2_BIOMASS;;;
C4;BIOMASS_TO_METHANE;;;
C4;BIOWASTE_TO_METHANE;;;
C4;SYN_METHANATION;;;
C4;BIOMETHANATION_WET_BIOMASS;;;
C4;BIOMETHANATION_BIOWASTE;;;
C4;BIOMASS_TO_JET_FUEL;;;
C4;BIOMASS_TO_LFO;;;
C4;BIOWASTE_TO_JET_FUEL;;;
C4;BIOWASTE_TO_LFO;;;
C4;DIESEL_TO_JET_FUEL;;;
C4;ATM_CCS;;;
C4;INDUSTRY_CCS;;;
C4;SYN_METHANOLATION;;;
C4;METHANE_TO_METHANOL;;;
C4;BIOMASS_TO_METHANOL;;;
C4;BIOWASTE_TO_METHANOL;;;
C4;HABER_BOSCH;;;
C4;POWER_TO_JET_FUEL;;;
C4;POWER_TO_LFO;;;
C4;H2_TO_JET_FUEL;;;
C4;H2_TO_LFO;;;
C4;AMMONIA_TO_H2;;;
C4;OIL_TO_HVC;;;
C4;GAS_TO_HVC;;;
C4;BIOMASS_TO_HVC;;;
C4;METHANOL_TO_HVC;;;
C4;BATT_LI;0.003853861932348892;4.531770303462804e-05;
C4;BATT_HS;0.05603757252630519;0.005899144525735278;
C4;CAES;;;
C4;BEV_BATT;;;
C4;PHEV_BATT;;;
C4;DAM_STORAGE;;;
C4;PHS;;;
C4;TS_DEC_DIRECT_ELEC;0.04973801240438686;0.003089032145938685;
C4;TS_DEC_HP_ELEC;;;
C4;TS_DEC_THHP_GAS;;;
C4;TS_DEC_COGEN_GAS;;;
C4;TS_DEC_COGEN_OIL;;;
C4;TS_DEC_ADVCOGEN_GAS;;;
C4;TS_DEC_ADVCOGEN_H2;;;
C4;TS_DEC_BOILER_GAS;2.363783757123238e-05;1.468053036063296e-06;
C4;TS_DEC_BOILER_WOOD;;;
C4;TS_DEC_BOILER_OIL;;;
C4;TS_DHN_DAILY;;;
C4;TS_DHN_SEASONAL;;;
C4;TS_HIGH_TEMP;;;
C4;GAS_STORAGE;;;
C4;H2_STORAGE;;;
C4;DIESEL_STORAGE;2.653388852614253e-05;0.003000426892516241;
C4;JET_FUEL_STORAGE;0.0004381214687017032;0.0002580004345727182;
C4;GASOLINE_STORAGE;4.069135227007309e-05;0.002782926450819772;
C4;LFO_STORAGE;;;
C4;AMMONIA_STORAGE;;;
C4;METHANOL_STORAGE;;;
C4;PT_STORAGE;;;
C4;ST_STORAGE;;;
C4;TS_COLD;;;
C4;CO2_STORAGE;;;
C4;STOVE_WOOD;;0.006121338321279688;
C4;STOVE_LPG;;0.03820045894688943;
C4;STOVE_NG;;0.0001839160765440957;
C4;STOVE_OIL;;0.0001808966153603898;
C4;STOVE_ELEC;0.008427702226056316;0.001294614543102428;
C4;PLANE;;;
C4;FERMENTATION_TO_BIOETHANOL;;;
C4;ESTERIFICATION_TO_BIODIESEL;;;
C4;IND_BOILER_DIESEL;;0.0002610810611827177;
C4;IND_BOILER_LPG;;;
C4;LPG_STORAGE;0.0018741639001160148;0.0006843404094186627;
C4;LNG_STORAGE;0.00019422668132558163;6.564638073344041e-05;
C4;CAR_FG_PRIVATE;;;
C4;BUS_FG_PRIVATE;;;
C4;PICKUP_TRUCK_FG_PRIVATE;;;
C4;SUV_FG_PRIVATE;;;
C4;MOTORCYCLE_FG_PRIVATE;;;
C4;CAR_FG_PUBLIC;;;
C4;BUS_FG_PUBLIC;;;
C4;PICKUP_TRUCK_FG_PUBLIC;;;
C4;SUV_FG_PUBLIC;;;
C4;MOTORCYCLE_FG_PUBLIC;;;
C4;CAR_GASOLINE_PRIVATE;;;
C4;BUS_GASOLINE_PRIVATE;;;
C4;PICKUP_TRUCK_GASOLINE_PRIVATE;;;
C4;SUV_GASOLINE_PRIVATE;;;
C4;MOTORCYCLE_GASOLINE_PRIVATE;;;
C4;CAR_GASOLINE_PUBLIC;;;
C4;BUS_GASOLINE_PUBLIC;;;
C4;PICKUP_TRUCK_GASOLINE_PUBLIC;;;
C4;SUV_GASOLINE_PUBLIC;;;
C4;MOTORCYCLE_GASOLINE_PUBLIC;;;
C4;CAR_DIESEL_PRIVATE;;;
C4;BUS_DIESEL_PRIVATE;;;
C4;PICKUP_TRUCK_DIESEL_PRIVATE;;;
C4;SUV_DIESEL_PRIVATE;;;
C4;MOTORCYCLE_DIESEL_PRIVATE;;;
C4;CAR_DIESEL_PUBLIC;;;
C4;BUS_DIESEL_PUBLIC;;;
C4;PICKUP_TRUCK_DIESEL_PUBLIC;;;
C4;SUV_DIESEL_PUBLIC;;;
C4;MOTORCYCLE_DIESEL_PUBLIC;;;
C4;TRUCK_FG;;;
C4;VAN_FG;;;
C4;CARGO_MOTORCYCLE_FG;;;
C4;TRUCK_GASOLINE;;;
C4;VAN_GASOLINE;;;
C4;CARGO_MOTORCYCLE_GASOLINE;;;
C4;TRUCK_DIESEL_P;;;
C4;VAN_DIESEL;;;
C4;CARGO_MOTORCYCLE_DIESEL;;;
C4;CONVENTIONAL_BULB;;;
C4;LED_BULB;5.477077865736659e-06;;
C4;CONVENTIONAL_LIGHT;;;
C4;LED_LIGHT;0.0025438181120207293;0.003083677531670315;
C4;REFRIGERATOR_EL;;;
C4;COMM_MACHINERY_DIESEL;5.1454306689765635e-06;;
C4;COMM_MACHINERY_EL;5.092945331985288e-06;;
C4;IND_MACHINERY_EL;;;
C4;TRACTOR_DIESEL;;;
C4;AGR_MACHINERY_DIESEL;;;
C4;AGR_MACHINERY_EL;;;
C4;MIN_MACHINERY_DIESEL;;;
C4;MIN_MACHINERY_EL;;;
C4;FISH_MACHINERY_DIESEL;;0.0001311794202679874;
C4;FISH_MACHINERY_EL;;9.241829833492632e-05;
C4;TRACTOR_EL;;;
C4;BUS_ELEC_PUBLIC;;;
C4;BUS_ELEC_PRIVATE;;;
C4;PICKUP_TRUCK_ELEC_PUBLIC;;;
C4;PICKUP_TRUCK_ELEC_PRIVATE;;;
C4;SUV_ELEC_PUBLIC;;;
C4;SUV_ELEC_PRIVATE;;;
C4;MOTORCYCLE_ELEC_PUBLIC;;;
C4;MOTORCYCLE_ELEC_PRIVATE;;;
C4;VAN_ELEC;;;
C4;CARGO_MOTORCYCLE_ELEC;;;
C4;TRAIN_FREIGHT_ELEC;;;
C4;BOAT_FREIGHT_ELEC;;;
C4;FUEL_CELL;;;
C4;ETHANOL_TO_FUELS;;;
C4;BIO_HYDROLYSIS;;;
C4;PYROLYSIS_TO_FUELS;;;
C4;PYROLYSIS_TO_LFO;;;
C4;FB_ST_BIOMASS;;;
C4;CFB_ST_BIOMASS;;;
C4;BFB_ST_BIOMASS;;;
C4;REGASIFICATION;2.876238556126733e-05;5.221542977397734e-06;
C4;LIQUEFACTION;;;
C4;DIESEL_PIPELINE;;;
C4;GASOLINE_PIPELINE;;;
C4;LPG_PIPELINE;;;
C4;LFO_PIPELINE;;;
C4;JET_FUEL_PIPELINE;;;
C4;SUV_ELEC_PRIVATE_BATT;;;
C4;MOTORCYCLE_ELEC_PRIVATE_BATT;;;
C4;BUS_ELEC_PUBLIC_BATT;;;
C4;ELECTRICITY;;;
C4;GASOLINE;;;
C4;DIESEL;;;0.1829433772153425
C4;GASOLINE_RE;;;
C4;DIESEL_RE;;;
C4;LFO;;;
C4;LFO_RE;;;
C4;JET_FUEL;;;
C4;JET_FUEL_RE;;;
C4;GAS;;;
C4;GAS_RE;;;
C4;WOOD;;;8.40916815009067e-06
C4;WET_BIOMASS;;;
C4;ENERGY_CROPS_2;;;
C4;BIOWASTE;;;
C4;BIOMASS_RESIDUES;;;
C4;COAL;;;
C4;URANIUM;;;
C4;WASTE;;;
C4;H2;;;
C4;H2_RE;;;
C4;AMMONIA;;;
C4;METHANOL;;;
C4;AMMONIA_RE;;;
C4;METHANOL_RE;;;
C4;CO2_EMISSIONS;;;
C4;RES_WIND;;;
C4;RES_SOLAR;;;
C4;RES_HYDRO;;;
C4;RES_GEO;;;
C4;CO2_ATM;;;
C4;CO2_INDUSTRY;;;
C4;CO2_CAPTURED;;;
C4;PT_HEAT;;;
C4;ST_HEAT;;;
C4;LPG;;;0.7777043601778486
C4;LNG;;;2.908656822153251e-05
C4;CO2_EMISSIONS_CAPTURED;;;
C4;CO2_EMISSIONS_ATM;;;
C5;NUCLEAR;;;
C5;NUCLEAR_SMR;;;
C5;CCGT_AMMONIA;;;
C5;COAL_US;;;
C5;COAL_IGCC;;;
C5;BIOMASS_TO_POWER;;;
C5;PV_ROOFTOP;;;
C5;PV_UTILITY;1.4836018522697887;0.5018962323590694;
C5;PV_HS;3.7167177689264966e-05;1.159066430553649e-06;
C5;PT_COLLECTOR;;;
C5;ST_COLLECTOR;;;
C5;PT_POWER_BLOCK;;;
C5;ST_POWER_BLOCK;;;
C5;WIND_ONSHORE;;;
C5;WIND_OFFSHORE;;;
C5;HYDRO_DAM;;;
C5;HYDRO_RIVER;;;
C5;TIDAL_STREAM;;;
C5;TIDAL_RANGE;;;
C5;WAVE;;;
C5;GEOTHERMAL;;;
C5;GENSET_DIESEL;;0.157839886382036;
C5;HS_DIESEL;9.8264758459439e-06;;
C5;OCGT;;;
C5;CCGT;;;
C5;ST_BIOMASS;;;
C5;ST_SNG;;;
C5;CCGT_SUR;;;
C5;IND_COGEN_GAS;;;
C5;IND_COGEN_WOOD;;;
C5;IND_COGEN_WASTE;;;
C5;IND_BOILER_GAS;;;
C5;IND_BOILER_WOOD;;0.001468036898815939;
C5;IND_BOILER_BIOWASTE;;;
C5;IND_BOILER_OIL;;0.000175877910045305;
C5;IND_BOILER_COAL;;;
C5;IND_BOILER_WASTE;;;
C5;IND_DIRECT_ELEC;;;
C5;DHN_HP_ELEC;;;
C5;DHN_COGEN_GAS;;;
C5;DHN_COGEN_WOOD;;;
C5;DHN_COGEN_WASTE;;;
C5;DHN_BOILER_GAS;;;
C5;DHN_BOILER_WOOD;;;
C5;DHN_BOILER_OIL;;;
C5;DHN_DEEP_GEO;;;
C5;DHN_SOLAR;;;
C5;DEC_HP_ELEC;;;
C5;DEC_THHP_GAS;;;
C5;DEC_COGEN_GAS;;;
C5;DEC_COGEN_OIL;;;
C5;DEC_ADVCOGEN_GAS;;;
C5;DEC_ADVCOGEN_H2;;;
C5;DEC_BOILER_GAS;2.6631133910588764e-06;2.887488199800456e-05;
C5;DEC_BOILER_WOOD;;;
C5;DEC_BOILER_OIL;;;
C5;DEC_SOLAR;0.7069451133364343;0.07119767205791602;
C5;DEC_DIRECT_ELEC;0.0068558232625749345;0.0002667034720764321;
C5;DEC_ELEC_COLD;0.06067456688081104;0.02173900486687386;
C5;DEC_THHP_GAS_COLD;;;
C5;IND_ELEC_COLD;;;
C5;TRAMWAY_TROLLEY;;;
C5;BUS_COACH_DIESEL;;;
C5;BUS_COACH_HYDIESEL;;;
C5;BUS_COACH_CNG_STOICH;;;
C5;BUS_COACH_FC_HYBRIDH2;;;
C5;TRAIN_PUB;;;
C5;PLANE_SHORT_HAUL;;;
C5;PLANE_H2_SHORT_HAUL;;;
C5;PLANE_LONG_HAUL;;;
C5;CAR_GASOLINE;;;
C5;CAR_DIESEL;;;
C5;CAR_NG;;;
C5;CAR_METHANOL;;;
C5;CAR_HEV;;;
C5;CAR_PHEV;;;
C5;CAR_BEV;;;
C5;CAR_FUEL_CELL;;;
C5;TRAIN_FREIGHT;;;
C5;BOAT_FREIGHT_DIESEL;;;
C5;BOAT_FREIGHT_NG;;;
C5;BOAT_FREIGHT_METHANOL;;;
C5;CARGO_LFO;;;
C5;CARGO_LNG;;;
C5;CARGO_METHANOL;;;
C5;CARGO_AMMONIA;;;
C5;CARGO_FUELCELL_LH2;;;
C5;CARGO_FUELCELL_AMMONIA;;;
C5;CARGO_RETRO_METHANOL;;;
C5;CARGO_RETRO_AMMONIA;;;
C5;TRUCK_DIESEL;;;
C5;TRUCK_METHANOL;;;
C5;TRUCK_FUEL_CELL;;;
C5;TRUCK_ELEC;;;
C5;TRUCK_NG;;;
C5;EFFICIENCY;;;
C5;DHN;;;
C5;GRID;;;
C5;HVAC_LINE;0.07736210532849237;0.01513055903391159;
C5;HVDC_SUBSEA;;;
C5;GAS_PIPELINE;;;
C5;GAS_SUBSEA;;;
C5;H2_RETROFITTED;;;
C5;H2_NEW;;;
C5;H2_SUBSEA_RETRO;;;
C5;H2_SUBSEA_NEW;;;
C5;H2_ELECTROLYSIS;;;
C5;H2_NG;;;
C5;H2_BIOMASS;;;
C5;BIOMASS_TO_METHANE;;;
C5;BIOWASTE_TO_METHANE;;;
C5;SYN_METHANATION;;;
C5;BIOMETHANATION_WET_BIOMASS;;;
C5;BIOMETHANATION_BIOWASTE;;;
C5;BIOMASS_TO_JET_FUEL;;;
C5;BIOMASS_TO_LFO;;;
C5;BIOWASTE_TO_JET_FUEL;;;
C5;BIOWASTE_TO_LFO;;;
C5;DIESEL_TO_JET_FUEL;;;
C5;ATM_CCS;;;
C5;INDUSTRY_CCS;;;
C5;SYN_METHANOLATION;;;
C5;METHANE_TO_METHANOL;;;
C5;BIOMASS_TO_METHANOL;;;
C5;BIOWASTE_TO_METHANOL;;;
C5;HABER_BOSCH;;;
C5;POWER_TO_JET_FUEL;;;
C5;POWER_TO_LFO;;;
C5;H2_TO_JET_FUEL;;;
C5;H2_TO_LFO;;;
C5;AMMONIA_TO_H2;;;
C5;OIL_TO_HVC;;;
C5;GAS_TO_HVC;;;
C5;BIOMASS_TO_HVC;;;
C5;METHANOL_TO_HVC;;;
C5;BATT_LI;3.1097215380377548;0.03656732899491524;
C5;BATT_HS;2.236125090371652e-05;2.313134793693362e-06;
C5;CAES;;;
C5;BEV_BATT;;;
C5;PHEV_BATT;;;
C5;DAM_STORAGE;;;
C5;PHS;;;
C5;TS_DEC_DIRECT_ELEC;0.045661332014312696;0.002835845575649715;
C5;TS_DEC_HP_ELEC;;;
C5;TS_DEC_THHP_GAS;;;
C5;TS_DEC_COGEN_GAS;;;
C5;TS_DEC_COGEN_OIL;;;
C5;TS_DEC_ADVCOGEN_GAS;;;
C5;TS_DEC_ADVCOGEN_H2;;;
C5;TS_DEC_BOILER_GAS;2.1030765221559705e-05;1.306138035732152e-06;
C5;TS_DEC_BOILER_WOOD;;;
C5;TS_DEC_BOILER_OIL;;;
C5;TS_DHN_DAILY;;;
C5;TS_DHN_SEASONAL;;;
C5;TS_HIGH_TEMP;;;
C5;GAS_STORAGE;;;
C5;H2_STORAGE;;;
C5;DIESEL_STORAGE;3.33988244127577e-05;0.002967044124440664;
C5;JET_FUEL_STORAGE;0.00015778225787569581;0.0001619371114721056;
C5;GASOLINE_STORAGE;4.619200128943816e-05;0.002751735545265237;
C5;LFO_STORAGE;;;
C5;AMMONIA_STORAGE;;;
C5;METHANOL_STORAGE;;;
C5;PT_STORAGE;;;
C5;ST_STORAGE;;;
C5;TS_COLD;;;
C5;CO2_STORAGE;;;
C5;STOVE_WOOD;;0.0003180356439080912;
C5;STOVE_LPG;;0.05000740857507355;
C5;STOVE_NG;;0.0001817210776010958;
C5;STOVE_OIL;;0.0001787376156341638;
C5;STOVE_ELEC;0.008922167706886993;0.001370571451091698;
C5;PLANE;;;
C5;FERMENTATION_TO_BIOETHANOL;;;
C5;ESTERIFICATION_TO_BIODIESEL;;;
C5;IND_BOILER_DIESEL;;0.0002579650607064385;
C5;IND_BOILER_LPG;;;
C5;LPG_STORAGE;0.0021499232721588117;0.000776936473642345;
C5;LNG_STORAGE;0.00019422668048440025;6.56463804491308e-05;
C5;CAR_FG_PRIVATE;;;
C5;BUS_FG_PRIVATE;;;
C5;PICKUP_TRUCK_FG_PRIVATE;;;
C5;SUV_FG_PRIVATE;;;
C5;MOTORCYCLE_FG_PRIVATE;;;
C5;CAR_FG_PUBLIC;;;
C5;BUS_FG_PUBLIC;;;
C5;PICKUP_TRUCK_FG_PUBLIC;;;
C5;SUV_FG_PUBLIC;;;
C5;MOTORCYCLE_FG_PUBLIC;;;
C5;CAR_GASOLINE_PRIVATE;;;
C5;BUS_GASOLINE_PRIVATE;;;
C5;PICKUP_TRUCK_GASOLINE_PRIVATE;;;
C5;SUV_GASOLINE_PRIVATE;;;
C5;MOTORCYCLE_GASOLINE_PRIVATE;;;
C5;CAR_GASOLINE_PUBLIC;;;
C5;BUS_GASOLINE_PUBLIC;;;
C5;PICKUP_TRUCK_GASOLINE_PUBLIC;;;
C5;SUV_GASOLINE_PUBLIC;;;
C5;MOTORCYCLE_GASOLINE_PUBLIC;;;
C5;CAR_DIESEL_PRIVATE;;;
C5;BUS_DIESEL_PRIVATE;;;
C5;PICKUP_TRUCK_DIESEL_PRIVATE;;;
C5;SUV_DIESEL_PRIVATE;;;
C5;MOTORCYCLE_DIESEL_PRIVATE;;;
C5;CAR_DIESEL_PUBLIC;;;
C5;BUS_DIESEL_PUBLIC;;;
C5;PICKUP_TRUCK_DIESEL_PUBLIC;;;
C5;SUV_DIESEL_PUBLIC;;;
C5;MOTORCYCLE_DIESEL_PUBLIC;;;
C5;TRUCK_FG;;;
C5;VAN_FG;;;
C5;CARGO_MOTORCYCLE_FG;;;
C5;TRUCK_GASOLINE;;;
C5;VAN_GASOLINE;;;
C5;CARGO_MOTORCYCLE_GASOLINE;;;
C5;TRUCK_DIESEL_P;;;
C5;VAN_DIESEL;;;
C5;CARGO_MOTORCYCLE_DIESEL;;;
C5;CONVENTIONAL_BULB;;;
C5;LED_BULB;5.379329896003382e-06;;
C5;CONVENTIONAL_LIGHT;;;
C5;LED_LIGHT;0.0024627565628580796;0.002985412771051607;
C5;REFRIGERATOR_EL;;;
C5;COMM_MACHINERY_DIESEL;5.108562041403837e-06;;
C5;COMM_MACHINERY_EL;5.096884122823811e-06;;
C5;IND_MACHINERY_EL;;;
C5;TRACTOR_DIESEL;;;
C5;AGR_MACHINERY_DIESEL;;;
C5;AGR_MACHINERY_EL;;;
C5;MIN_MACHINERY_DIESEL;;;
C5;MIN_MACHINERY_EL;;;
C5;FISH_MACHINERY_DIESEL;;0.0001296137948864243;
C5;FISH_MACHINERY_EL;;9.131528664834894e-05;
C5;TRACTOR_EL;;;
C5;BUS_ELEC_PUBLIC;;;
C5;BUS_ELEC_PRIVATE;;;
C5;PICKUP_TRUCK_ELEC_PUBLIC;;;
C5;PICKUP_TRUCK_ELEC_PRIVATE;;;
C5;SUV_ELEC_PUBLIC;;;
C5;SUV_ELEC_PRIVATE;;;
C5;MOTORCYCLE_ELEC_PUBLIC;;;
C5;MOTORCYCLE_ELEC_PRIVATE;;;
C5;VAN_ELEC;;;
C5;CARGO_MOTORCYCLE_ELEC;;;
C5;TRAIN_FREIGHT_ELEC;;;
C5;BOAT_FREIGHT_ELEC;;;
C5;FUEL_CELL;;;
C5;ETHANOL_TO_FUELS;;;
C5;BIO_HYDROLYSIS;;;
C5;PYROLYSIS_TO_FUELS;;;
C5;PYROLYSIS_TO_LFO;;;
C5;FB_ST_BIOMASS;;;
C5;CFB_ST_BIOMASS;;;
C5;BFB_ST_BIOMASS;;;
C5;REGASIFICATION;2.2608568469388947e-05;4.104374849884743e-06;
C5;LIQUEFACTION;;;
C5;DIESEL_PIPELINE;;;
C5;GASOLINE_PIPELINE;;;
C5;LPG_PIPELINE;;;
C5;LFO_PIPELINE;;;
C5;JET_FUEL_PIPELINE;;;
C5;SUV_ELEC_PRIVATE_BATT;;;
C5;MOTORCYCLE_ELEC_PRIVATE_BATT;;;
C5;BUS_ELEC_PUBLIC_BATT;;;
C5;ELECTRICITY;;;
C5;GASOLINE;;;
C5;DIESEL;;;0.7424935147073071
C5;GASOLINE_RE;;;
C5;DIESEL_RE;;;
C5;LFO;;;
C5;LFO_RE;;;
C5;JET_FUEL;;;
C5;JET_FUEL_RE;;;
C5;GAS;;;
C5;GAS_RE;;;
C5;WOOD;;;7.92378045990807e-06
C5;WET_BIOMASS;;;
C5;ENERGY_CROPS_2;;;
C5;BIOWASTE;;;
C5;BIOMASS_RESIDUES;;;
C5;COAL;;;
C5;URANIUM;;;
C5;WASTE;;;
C5;H2;;;
C5;H2_RE;;;
C5;AMMONIA;;;
C5;METHANOL;;;
C5;AMMONIA_RE;;;
C5;METHANOL_RE;;;
C5;CO2_EMISSIONS;;;
C5;RES_WIND;;;
C5;RES_SOLAR;;;
C5;RES_HYDRO;;;
C5;RES_GEO;;;
C5;CO2_ATM;;;
C5;CO2_INDUSTRY;;;
C5;CO2_CAPTURED;;;
C5;PT_HEAT;;;
C5;ST_HEAT;;;
C5;LPG;;;0.6276806461083606
C5;LNG;;;2.7769817643382e-05
C5;CO2_EMISSIONS_CAPTURED;;;
C5;CO2_EMISSIONS_ATM;;;
