From;To;Resources;Network_type;Transfer_capacity
C1;C1;DIESEL;DIESEL_PIPELINE;
C1;C1;ELECTRICITY;HVAC_LINE;
C1;C1;ELECTRICITY;HVDC_SUBSEA;
C1;C1;GAS;GAS_PIPELINE;
C1;C1;GAS;GAS_SUBSEA;
C1;C1;GASOLINE;GASOLINE_PIPELINE;
C1;C1;H2;H2_NEW;
C1;C1;H2;H2_RETROFITTED;
C1;C1;H2;H2_SUBSEA_NEW;
C1;C1;H2;H2_SUBSEA_RETRO;
C1;C1;JET_FUEL;JET_FUEL_PIPELINE;
C1;C1;LFO;LFO_PIPELINE;
C1;C1;LPG;LPG_PIPELINE;
C1;C2;DIESEL;DIESEL_PIPELINE;
C1;C2;ELECTRICITY;HVAC_LINE;
C1;C2;ELECTRICITY;HVDC_SUBSEA;
C1;C2;GAS;GAS_PIPELINE;
C1;C2;GAS;GAS_SUBSEA;
C1;C2;GASOLINE;GASOLINE_PIPELINE;
C1;C2;H2;H2_NEW;
C1;C2;H2;H2_RETROFITTED;
C1;C2;H2;H2_SUBSEA_NEW;
C1;C2;H2;H2_SUBSEA_RETRO;
C1;C2;JET_FUEL;JET_FUEL_PIPELINE;
C1;C2;LFO;LFO_PIPELINE;
C1;C2;LPG;LPG_PIPELINE;
C1;C3;DIESEL;DIESEL_PIPELINE;
C1;C3;ELECTRICITY;HVAC_LINE;0.001850873064658061
C1;C3;ELECTRICITY;HVDC_SUBSEA;
C1;C3;GAS;GAS_PIPELINE;
C1;C3;GAS;GAS_SUBSEA;
C1;C3;GASOLINE;GASOLINE_PIPELINE;
C1;C3;H2;H2_NEW;
C1;C3;H2;H2_RETROFITTED;
C1;C3;H2;H2_SUBSEA_NEW;
C1;C3;H2;H2_SUBSEA_RETRO;
C1;C3;JET_FUEL;JET_FUEL_PIPELINE;
C1;C3;LFO;LFO_PIPELINE;
C1;C3;LPG;LPG_PIPELINE;
C1;C4;DIESEL;DIESEL_PIPELINE;
C1;C4;ELECTRICITY;HVAC_LINE;
C1;C4;ELECTRICITY;HVDC_SUBSEA;
C1;C4;GAS;GAS_PIPELINE;
C1;C4;GAS;GAS_SUBSEA;
C1;C4;GASOLINE;GASOLINE_PIPELINE;
C1;C4;H2;H2_NEW;
C1;C4;H2;H2_RETROFITTED;
C1;C4;H2;H2_SUBSEA_NEW;
C1;C4;H2;H2_SUBSEA_RETRO;
C1;C4;JET_FUEL;JET_FUEL_PIPELINE;
C1;C4;LFO;LFO_PIPELINE;
C1;C4;LPG;LPG_PIPELINE;
C1;C5;DIESEL;DIESEL_PIPELINE;
C1;C5;ELECTRICITY;HVAC_LINE;
C1;C5;ELECTRICITY;HVDC_SUBSEA;
C1;C5;GAS;GAS_PIPELINE;
C1;C5;GAS;GAS_SUBSEA;
C1;C5;GASOLINE;GASOLINE_PIPELINE;
C1;C5;H2;H2_NEW;
C1;C5;H2;H2_RETROFITTED;
C1;C5;H2;H2_SUBSEA_NEW;
C1;C5;H2;H2_SUBSEA_RETRO;
C1;C5;JET_FUEL;JET_FUEL_PIPELINE;
C1;C5;LFO;LFO_PIPELINE;
C1;C5;LPG;LPG_PIPELINE;
C2;C1;DIESEL;DIESEL_PIPELINE;
C2;C1;ELECTRICITY;HVAC_LINE;
C2;C1;ELECTRICITY;HVDC_SUBSEA;
C2;C1;GAS;GAS_PIPELINE;
C2;C1;GAS;GAS_SUBSEA;
C2;C1;GASOLINE;GASOLINE_PIPELINE;
C2;C1;H2;H2_NEW;
C2;C1;H2;H2_RETROFITTED;
C2;C1;H2;H2_SUBSEA_NEW;
C2;C1;H2;H2_SUBSEA_RETRO;
C2;C1;JET_FUEL;JET_FUEL_PIPELINE;
C2;C1;LFO;LFO_PIPELINE;
C2;C1;LPG;LPG_PIPELINE;
C2;C2;DIESEL;DIESEL_PIPELINE;
C2;C2;ELECTRICITY;HVAC_LINE;
C2;C2;ELECTRICITY;HVDC_SUBSEA;
C2;C2;GAS;GAS_PIPELINE;
C2;C2;GAS;GAS_SUBSEA;
C2;C2;GASOLINE;GASOLINE_PIPELINE;
C2;C2;H2;H2_NEW;
C2;C2;H2;H2_RETROFITTED;
C2;C2;H2;H2_SUBSEA_NEW;
C2;C2;H2;H2_SUBSEA_RETRO;
C2;C2;JET_FUEL;JET_FUEL_PIPELINE;
C2;C2;LFO;LFO_PIPELINE;
C2;C2;LPG;LPG_PIPELINE;
C2;C3;DIESEL;DIESEL_PIPELINE;
C2;C3;ELECTRICITY;HVAC_LINE;
C2;C3;ELECTRICITY;HVDC_SUBSEA;
C2;C3;GAS;GAS_PIPELINE;
C2;C3;GAS;GAS_SUBSEA;
C2;C3;GASOLINE;GASOLINE_PIPELINE;
C2;C3;H2;H2_NEW;
C2;C3;H2;H2_RETROFITTED;
C2;C3;H2;H2_SUBSEA_NEW;
C2;C3;H2;H2_SUBSEA_RETRO;
C2;C3;JET_FUEL;JET_FUEL_PIPELINE;
C2;C3;LFO;LFO_PIPELINE;
C2;C3;LPG;LPG_PIPELINE;
C2;C4;DIESEL;DIESEL_PIPELINE;
C2;C4;ELECTRICITY;HVAC_LINE;
C2;C4;ELECTRICITY;HVDC_SUBSEA;
C2;C4;GAS;GAS_PIPELINE;
C2;C4;GAS;GAS_SUBSEA;
C2;C4;GASOLINE;GASOLINE_PIPELINE;
C2;C4;H2;H2_NEW;
C2;C4;H2;H2_RETROFITTED;
C2;C4;H2;H2_SUBSEA_NEW;
C2;C4;H2;H2_SUBSEA_RETRO;
C2;C4;JET_FUEL;JET_FUEL_PIPELINE;
C2;C4;LFO;LFO_PIPELINE;
C2;C4;LPG;LPG_PIPELINE;
C2;C5;DIESEL;DIESEL_PIPELINE;
C2;C5;ELECTRICITY;HVAC_LINE;
C2;C5;ELECTRICITY;HVDC_SUBSEA;
C2;C5;GAS;GAS_PIPELINE;
C2;C5;GAS;GAS_SUBSEA;
C2;C5;GASOLINE;GASOLINE_PIPELINE;
C2;C5;H2;H2_NEW;
C2;C5;H2;H2_RETROFITTED;
C2;C5;H2;H2_SUBSEA_NEW;
C2;C5;H2;H2_SUBSEA_RETRO;
C2;C5;JET_FUEL;JET_FUEL_PIPELINE;
C2;C5;LFO;LFO_PIPELINE;
C2;C5;LPG;LPG_PIPELINE;
C3;C1;DIESEL;DIESEL_PIPELINE;
C3;C1;ELECTRICITY;HVAC_LINE;0.001850873064658061
C3;C1;ELECTRICITY;HVDC_SUBSEA;
C3;C1;GAS;GAS_PIPELINE;
C3;C1;GAS;GAS_SUBSEA;
C3;C1;GASOLINE;GASOLINE_PIPELINE;
C3;C1;H2;H2_NEW;
C3;C1;H2;H2_RETROFITTED;
C3;C1;H2;H2_SUBSEA_NEW;
C3;C1;H2;H2_SUBSEA_RETRO;
C3;C1;JET_FUEL;JET_FUEL_PIPELINE;
C3;C1;LFO;LFO_PIPELINE;
C3;C1;LPG;LPG_PIPELINE;
C3;C2;DIESEL;DIESEL_PIPELINE;
C3;C2;ELECTRICITY;HVAC_LINE;
C3;C2;ELECTRICITY;HVDC_SUBSEA;
C3;C2;GAS;GAS_PIPELINE;
C3;C2;GAS;GAS_SUBSEA;
C3;C2;GASOLINE;GASOLINE_PIPELINE;
C3;C2;H2;H2_NEW;
C3;C2;H2;H2_RETROFITTED;
C3;C2;H2;H2_SUBSEA_NEW;
C3;C2;H2;H2_SUBSEA_RETRO;
C3;C2;JET_FUEL;JET_FUEL_PIPELINE;
C3;C2;LFO;LFO_PIPELINE;
C3;C2;LPG;LPG_PIPELINE;
C3;C3;DIESEL;DIESEL_PIPELINE;
C3;C3;ELECTRICITY;HVAC_LINE;
C3;C3;ELECTRICITY;HVDC_SUBSEA;
C3;C3;GAS;GAS_PIPELINE;
C3;C3;GAS;GAS_SUBSEA;
C3;C3;GASOLINE;GASOLINE_PIPELINE;
C3;C3;H2;H2_NEW;
C3;C3;H2;H2_RETROFITTED;
C3;C3;H2;H2_SUBSEA_NEW;
C3;C3;H2;H2_SUBSEA_RETRO;
C3;C3;JET_FUEL;JET_FUEL_PIPELINE;
C3;C3;LFO;LFO_PIPELINE;
C3;C3;LPG;LPG_PIPELINE;
C3;C4;DIESEL;DIESEL_PIPELINE;
C3;C4;ELECTRICITY;HVAC_LINE;
C3;C4;ELECTRICITY;HVDC_SUBSEA;
C3;C4;GAS;GAS_PIPELINE;
C3;C4;GAS;GAS_SUBSEA;
C3;C4;GASOLINE;GASOLINE_PIPELINE;
C3;C4;H2;H2_NEW;
C3;C4;H2;H2_RETROFITTED;
C3;C4;H2;H2_SUBSEA_NEW;
C3;C4;H2;H2_SUBSEA_RETRO;
C3;C4;JET_FUEL;JET_FUEL_PIPELINE;
C3;C4;LFO;LFO_PIPELINE;
C3;C4;LPG;LPG_PIPELINE;
C3;C5;DIESEL;DIESEL_PIPELINE;
C3;C5;ELECTRICITY;HVAC_LINE;
C3;C5;ELECTRICITY;HVDC_SUBSEA;
C3;C5;GAS;GAS_PIPELINE;
C3;C5;GAS;GAS_SUBSEA;
C3;C5;GASOLINE;GASOLINE_PIPELINE;
C3;C5;H2;H2_NEW;
C3;C5;H2;H2_RETROFITTED;
C3;C5;H2;H2_SUBSEA_NEW;
C3;C5;H2;H2_SUBSEA_RETRO;
C3;C5;JET_FUEL;JET_FUEL_PIPELINE;
C3;C5;LFO;LFO_PIPELINE;
C3;C5;LPG;LPG_PIPELINE;
C4;C1;DIESEL;DIESEL_PIPELINE;
C4;C1;ELECTRICITY;HVAC_LINE;
C4;C1;ELECTRICITY;HVDC_SUBSEA;
C4;C1;GAS;GAS_PIPELINE;
C4;C1;GAS;GAS_SUBSEA;
C4;C1;GASOLINE;GASOLINE_PIPELINE;
C4;C1;H2;H2_NEW;
C4;C1;H2;H2_RETROFITTED;
C4;C1;H2;H2_SUBSEA_NEW;
C4;C1;H2;H2_SUBSEA_RETRO;
C4;C1;JET_FUEL;JET_FUEL_PIPELINE;
C4;C1;LFO;LFO_PIPELINE;
C4;C1;LPG;LPG_PIPELINE;
C4;C2;DIESEL;DIESEL_PIPELINE;
C4;C2;ELECTRICITY;HVAC_LINE;
C4;C2;ELECTRICITY;HVDC_SUBSEA;
C4;C2;GAS;GAS_PIPELINE;
C4;C2;GAS;GAS_SUBSEA;
C4;C2;GASOLINE;GASOLINE_PIPELINE;
C4;C2;H2;H2_NEW;
C4;C2;H2;H2_RETROFITTED;
C4;C2;H2;H2_SUBSEA_NEW;
C4;C2;H2;H2_SUBSEA_RETRO;
C4;C2;JET_FUEL;JET_FUEL_PIPELINE;
C4;C2;LFO;LFO_PIPELINE;
C4;C2;LPG;LPG_PIPELINE;
C4;C3;DIESEL;DIESEL_PIPELINE;
C4;C3;ELECTRICITY;HVAC_LINE;
C4;C3;ELECTRICITY;HVDC_SUBSEA;
C4;C3;GAS;GAS_PIPELINE;
C4;C3;GAS;GAS_SUBSEA;
C4;C3;GASOLINE;GASOLINE_PIPELINE;
C4;C3;H2;H2_NEW;
C4;C3;H2;H2_RETROFITTED;
C4;C3;H2;H2_SUBSEA_NEW;
C4;C3;H2;H2_SUBSEA_RETRO;
C4;C3;JET_FUEL;JET_FUEL_PIPELINE;
C4;C3;LFO;LFO_PIPELINE;
C4;C3;LPG;LPG_PIPELINE;
C4;C4;DIESEL;DIESEL_PIPELINE;
C4;C4;ELECTRICITY;HVAC_LINE;
C4;C4;ELECTRICITY;HVDC_SUBSEA;
C4;C4;GAS;GAS_PIPELINE;
C4;C4;GAS;GAS_SUBSEA;
C4;C4;GASOLINE;GASOLINE_PIPELINE;
C4;C4;H2;H2_NEW;
C4;C4;H2;H2_RETROFITTED;
C4;C4;H2;H2_SUBSEA_NEW;
C4;C4;H2;H2_SUBSEA_RETRO;
C4;C4;JET_FUEL;JET_FUEL_PIPELINE;
C4;C4;LFO;LFO_PIPELINE;
C4;C4;LPG;LPG_PIPELINE;
C4;C5;DIESEL;DIESEL_PIPELINE;
C4;C5;ELECTRICITY;HVAC_LINE;0.007211131894103681
C4;C5;ELECTRICITY;HVDC_SUBSEA;
C4;C5;GAS;GAS_PIPELINE;
C4;C5;GAS;GAS_SUBSEA;
C4;C5;GASOLINE;GASOLINE_PIPELINE;
C4;C5;H2;H2_NEW;
C4;C5;H2;H2_RETROFITTED;
C4;C5;H2;H2_SUBSEA_NEW;
C4;C5;H2;H2_SUBSEA_RETRO;
C4;C5;JET_FUEL;JET_FUEL_PIPELINE;
C4;C5;LFO;LFO_PIPELINE;
C4;C5;LPG;LPG_PIPELINE;
C5;C1;DIESEL;DIESEL_PIPELINE;
C5;C1;ELECTRICITY;HVAC_LINE;
C5;C1;ELECTRICITY;HVDC_SUBSEA;
C5;C1;GAS;GAS_PIPELINE;
C5;C1;GAS;GAS_SUBSEA;
C5;C1;GASOLINE;GASOLINE_PIPELINE;
C5;C1;H2;H2_NEW;
C5;C1;H2;H2_RETROFITTED;
C5;C1;H2;H2_SUBSEA_NEW;
C5;C1;H2;H2_SUBSEA_RETRO;
C5;C1;JET_FUEL;JET_FUEL_PIPELINE;
C5;C1;LFO;LFO_PIPELINE;
C5;C1;LPG;LPG_PIPELINE;
C5;C2;DIESEL;DIESEL_PIPELINE;
C5;C2;ELECTRICITY;HVAC_LINE;
C5;C2;ELECTRICITY;HVDC_SUBSEA;
C5;C2;GAS;GAS_PIPELINE;
C5;C2;GAS;GAS_SUBSEA;
C5;C2;GASOLINE;GASOLINE_PIPELINE;
C5;C2;H2;H2_NEW;
C5;C2;H2;H2_RETROFITTED;
C5;C2;H2;H2_SUBSEA_NEW;
C5;C2;H2;H2_SUBSEA_RETRO;
C5;C2;JET_FUEL;JET_FUEL_PIPELINE;
C5;C2;LFO;LFO_PIPELINE;
C5;C2;LPG;LPG_PIPELINE;
C5;C3;DIESEL;DIESEL_PIPELINE;
C5;C3;ELECTRICITY;HVAC_LINE;
C5;C3;ELECTRICITY;HVDC_SUBSEA;
C5;C3;GAS;GAS_PIPELINE;
C5;C3;GAS;GAS_SUBSEA;
C5;C3;GASOLINE;GASOLINE_PIPELINE;
C5;C3;H2;H2_NEW;
C5;C3;H2;H2_RETROFITTED;
C5;C3;H2;H2_SUBSEA_NEW;
C5;C3;H2;H2_SUBSEA_RETRO;
C5;C3;JET_FUEL;JET_FUEL_PIPELINE;
C5;C3;LFO;LFO_PIPELINE;
C5;C3;LPG;LPG_PIPELINE;
C5;C4;DIESEL;DIESEL_PIPELINE;
C5;C4;ELECTRICITY;HVAC_LINE;0.007211131894103681
C5;C4;ELECTRICITY;HVDC_SUBSEA;
C5;C4;GAS;GAS_PIPELINE;
C5;C4;GAS;GAS_SUBSEA;
C5;C4;GASOLINE;GASOLINE_PIPELINE;
C5;C4;H2;H2_NEW;
C5;C4;H2;H2_RETROFITTED;
C5;C4;H2;H2_SUBSEA_NEW;
C5;C4;H2;H2_SUBSEA_RETRO;
C5;C4;JET_FUEL;JET_FUEL_PIPELINE;
C5;C4;LFO;LFO_PIPELINE;
C5;C4;LPG;LPG_PIPELINE;
C5;C5;DIESEL;DIESEL_PIPELINE;
C5;C5;ELECTRICITY;HVAC_LINE;
C5;C5;ELECTRICITY;HVDC_SUBSEA;
C5;C5;GAS;GAS_PIPELINE;
C5;C5;GAS;GAS_SUBSEA;
C5;C5;GASOLINE;GASOLINE_PIPELINE;
C5;C5;H2;H2_NEW;
C5;C5;H2;H2_RETROFITTED;
C5;C5;H2;H2_SUBSEA_NEW;
C5;C5;H2;H2_SUBSEA_RETRO;
C5;C5;JET_FUEL;JET_FUEL_PIPELINE;
C5;C5;LFO;LFO_PIPELINE;
C5;C5;LPG;LPG_PIPELINE;
