Elements;C_inv;C_maint;C_op
NUCLEAR;0.0;0.0;0.0
NUCLEAR_SMR;0.0;0.0;0.0
CCGT_AMMONIA;0.0;0.0;0.0
COAL_US;0.0;0.0;0.0
COAL_IGCC;0.0;0.0;0.0
BIOMASS_TO_POWER;0.0;0.0;0.0
PV_ROOFTOP;0.0;0.0;0.0
PV_UTILITY;8.701864842968472;2.349442900987878;0.0
PV_HS;0.6944592319865063;0.021946860521215084;0.0
PT_COLLECTOR;0.0;0.0;0.0
ST_COLLECTOR;0.0;0.0;0.0
PT_POWER_BLOCK;0.0;0.0;0.0
ST_POWER_BLOCK;0.0;0.0;0.0
WIND_ONSHORE;0.0;0.0;0.0
WIND_OFFSHORE;0.0;0.0;0.0
HYDRO_DAM;0.0;0.0;0.0
HYDRO_RIVER;0.0;0.0;0.0
TIDAL_STREAM;0.0;0.0;0.0
TIDAL_RANGE;0.0;0.0;0.0
WAVE;0.0;0.0;0.0
GEOTHERMAL;0.0;0.0;0.0
GENSET_DIESEL;3.9694635178614434e-05;0.5083124218395064;0.0
HS_DIESEL;0.1011732821392729;0.002336254543554279;0.0
OCGT;0.0;0.0;0.0
CCGT;0.0;0.0;0.0
ST_BIOMASS;0.0;0.0;0.0
ST_SNG;0.0;0.0;0.0
CCGT_SUR;0.0;0.0;0.0
IND_COGEN_GAS;0.0;0.0;0.0
IND_COGEN_WOOD;0.0;0.0;0.0
IND_COGEN_WASTE;0.0;0.0;0.0
IND_BOILER_GAS;0.0;0.0;0.0
IND_BOILER_WOOD;0.0;0.007601835377999329;0.0
IND_BOILER_BIOWASTE;0.0;0.0;0.0
IND_BOILER_OIL;0.0;0.0009107365897064959;0.0
IND_BOILER_COAL;0.0;0.0;0.0
IND_BOILER_WASTE;0.0;0.0;0.0
IND_DIRECT_ELEC;0.0;0.0;0.0
DHN_HP_ELEC;0.0;0.0;0.0
DHN_COGEN_GAS;0.0;0.0;0.0
DHN_COGEN_WOOD;0.0;0.0;0.0
DHN_COGEN_WASTE;0.0;0.0;0.0
DHN_BOILER_GAS;0.0;0.0;0.0
DHN_BOILER_WOOD;0.0;0.0;0.0
DHN_BOILER_OIL;0.0;0.0;0.0
DHN_DEEP_GEO;0.0;0.0;0.0
DHN_SOLAR;0.0;0.0;0.0
DEC_HP_ELEC;0.0;0.0;0.0
DEC_THHP_GAS;0.0;0.0;0.0
DEC_COGEN_GAS;0.0;0.0;0.0
DEC_COGEN_OIL;0.0;0.0;0.0
DEC_ADVCOGEN_GAS;0.0;0.0;0.0
DEC_ADVCOGEN_H2;0.0;0.0;0.0
DEC_BOILER_GAS;8.009815500142057e-05;0.00016548066117929753;0.0
DEC_BOILER_WOOD;0.0;0.0;0.0
DEC_BOILER_OIL;0.0;0.0;0.0
DEC_SOLAR;3.9414522041814863;0.3969505074317078;0.0
DEC_DIRECT_ELEC;0.032570297628682125;0.001283620498087155;0.0
DEC_ELEC_COLD;0.32828115278254705;0.11761939054400974;0.0
DEC_THHP_GAS_COLD;0.0;0.0;0.0
IND_ELEC_COLD;0.0;0.0;0.0
TRAMWAY_TROLLEY;0.0;0.0;0.0
BUS_COACH_DIESEL;0.0;0.0;0.0
BUS_COACH_HYDIESEL;0.0;0.0;0.0
BUS_COACH_CNG_STOICH;0.0;0.0;0.0
BUS_COACH_FC_HYBRIDH2;0.0;0.0;0.0
TRAIN_PUB;0.0;0.0;0.0
PLANE_SHORT_HAUL;0.0;0.0;0.0
PLANE_H2_SHORT_HAUL;0.0;0.0;0.0
PLANE_LONG_HAUL;0.0;0.0;0.0
CAR_GASOLINE;0.0;0.0;0.0
CAR_DIESEL;0.0;0.0;0.0
CAR_NG;0.0;0.0;0.0
CAR_METHANOL;0.0;0.0;0.0
CAR_HEV;0.0;0.0;0.0
CAR_PHEV;0.0;0.0;0.0
CAR_BEV;0.0;0.0;0.0
CAR_FUEL_CELL;0.0;0.0;0.0
TRAIN_FREIGHT;0.0;0.0;0.0
BOAT_FREIGHT_DIESEL;0.0;0.0;0.0
BOAT_FREIGHT_NG;0.0;0.0;0.0
BOAT_FREIGHT_METHANOL;0.0;0.0;0.0
CARGO_LFO;0.0;0.0;0.0
CARGO_LNG;0.0;0.0;0.0
CARGO_METHANOL;0.0;0.0;0.0
CARGO_AMMONIA;0.0;0.0;0.0
CARGO_FUELCELL_LH2;0.0;0.0;0.0
CARGO_FUELCELL_AMMONIA;0.0;0.0;0.0
CARGO_RETRO_METHANOL;0.0;0.0;0.0
CARGO_RETRO_AMMONIA;0.0;0.0;0.0
TRUCK_DIESEL;0.0;0.0;0.0
TRUCK_METHANOL;0.0;0.0;0.0
TRUCK_FUEL_CELL;0.0;0.0;0.0
TRUCK_ELEC;0.0;0.0;0.0
TRUCK_NG;0.0;0.0;0.0
EFFICIENCY;0.0;0.0;0.0
DHN;0.0;0.0;0.0
GRID;0.0;0.0;0.0
HVAC_LINE;0.26039255626502245;0.05092784028859685;0.0
HVDC_SUBSEA;0.0;0.0;0.0
GAS_PIPELINE;0.0;0.0;0.0
GAS_SUBSEA;0.0;0.0;0.0
H2_RETROFITTED;0.0;0.0;0.0
H2_NEW;0.0;0.0;0.0
H2_SUBSEA_RETRO;0.0;0.0;0.0
H2_SUBSEA_NEW;0.0;0.0;0.0
H2_ELECTROLYSIS;0.0;0.0;0.0
H2_NG;0.0;0.0;0.0
H2_BIOMASS;0.0;0.0;0.0
BIOMASS_TO_METHANE;0.0;0.0;0.0
BIOWASTE_TO_METHANE;0.0;0.0;0.0
SYN_METHANATION;0.0;0.0;0.0
BIOMETHANATION_WET_BIOMASS;0.0;0.0;0.0
BIOMETHANATION_BIOWASTE;0.0;0.0;0.0
BIOMASS_TO_JET_FUEL;0.0;0.0;0.0
BIOMASS_TO_LFO;0.0;0.0;0.0
BIOWASTE_TO_JET_FUEL;0.0;0.0;0.0
BIOWASTE_TO_LFO;0.0;0.0;0.0
DIESEL_TO_JET_FUEL;0.0;0.0;0.0
ATM_CCS;0.0;0.0;0.0
INDUSTRY_CCS;0.0;0.0;0.0
SYN_METHANOLATION;0.0;0.0;0.0
METHANE_TO_METHANOL;0.0;0.0;0.0
BIOMASS_TO_METHANOL;0.0;0.0;0.0
BIOWASTE_TO_METHANOL;0.0;0.0;0.0
HABER_BOSCH;0.0;0.0;0.0
POWER_TO_JET_FUEL;0.0;0.0;0.0
POWER_TO_LFO;0.0;0.0;0.0
H2_TO_JET_FUEL;0.0;0.0;0.0
H2_TO_LFO;0.0;0.0;0.0
AMMONIA_TO_H2;0.0;0.0;0.0
OIL_TO_HVC;0.0;0.0;0.0
GAS_TO_HVC;0.0;0.0;0.0
BIOMASS_TO_HVC;0.0;0.0;0.0
METHANOL_TO_HVC;0.0;0.0;0.0
BATT_LI;8.087702519582715;0.09510358893201823;0.0
BATT_HS;0.09930017585319656;0.010982996534313843;0.0
CAES;0.0;0.0;0.0
BEV_BATT;0.0;0.0;0.0
PHEV_BATT;0.0;0.0;0.0
DAM_STORAGE;0.0;0.0;0.0
PHS;0.0;0.0;0.0
TS_DEC_DIRECT_ELEC;0.24838969527426552;0.015426506133454712;0.0
TS_DEC_HP_ELEC;0.0;0.0;0.0
TS_DEC_THHP_GAS;0.0;0.0;0.0
TS_DEC_COGEN_GAS;0.0;0.0;0.0
TS_DEC_COGEN_OIL;0.0;0.0;0.0
TS_DEC_ADVCOGEN_GAS;0.0;0.0;0.0
TS_DEC_ADVCOGEN_H2;0.0;0.0;0.0
TS_DEC_BOILER_GAS;0.00041007054692803954;2.5467867337852214e-05;0.0
TS_DEC_BOILER_WOOD;0.0;0.0;0.0
TS_DEC_BOILER_OIL;0.0;0.0;0.0
TS_DHN_DAILY;0.0;0.0;0.0
TS_DHN_SEASONAL;0.0;0.0;0.0
TS_HIGH_TEMP;0.0;0.0;0.0
GAS_STORAGE;0.0;0.0;0.0
H2_STORAGE;0.0;0.0;0.0
DIESEL_STORAGE;0.00025013980347042027;0.01539019852167369;0.0
JET_FUEL_STORAGE;0.0005395357573726282;0.0007447569953643585;0.0
GASOLINE_STORAGE;5.8141579039790675e-05;0.014188045453423191;0.0
LFO_STORAGE;0.0;0.0;0.0
AMMONIA_STORAGE;0.0;0.0;0.0
METHANOL_STORAGE;0.0;0.0;0.0
PT_STORAGE;0.0;0.0;0.0
ST_STORAGE;0.0;0.0;0.0
TS_COLD;0.0;0.0;0.0
CO2_STORAGE;0.0;0.0;0.0
STOVE_WOOD;7.385276486899513e-06;0.019553731570300995;0.0
STOVE_LPG;1.0394835689005464e-06;0.2204927314574829;0.0
STOVE_NG;2.242552144668276e-05;0.0009443395372816444;0.0
STOVE_OIL;9.07581496104587e-06;0.0009272264645117716;0.0
STOVE_ELEC;0.041173049711731066;0.006324764154087717;0.0
PLANE;0.0;0.0;0.0
FERMENTATION_TO_BIOETHANOL;0.0;0.0;0.0
ESTERIFICATION_TO_BIODIESEL;0.0;0.0;0.0
IND_BOILER_DIESEL;0.0;0.0013358028850277781;0.0
IND_BOILER_LPG;0.0;0.0;0.0
LPG_STORAGE;0.011055546411614822;0.003997045975631627;0.0
LNG_STORAGE;0.0016227062057006406;0.0005484560034229979;0.0
CAR_FG_PRIVATE;0.0;0.0;0.0
BUS_FG_PRIVATE;0.0;0.0;0.0
PICKUP_TRUCK_FG_PRIVATE;0.0;0.0;0.0
SUV_FG_PRIVATE;0.0;0.0;0.0
MOTORCYCLE_FG_PRIVATE;0.0;0.0;0.0
CAR_FG_PUBLIC;0.0;0.0;0.0
BUS_FG_PUBLIC;0.0;0.0;0.0
PICKUP_TRUCK_FG_PUBLIC;0.0;0.0;0.0
SUV_FG_PUBLIC;0.0;0.0;0.0
MOTORCYCLE_FG_PUBLIC;0.0;0.0;0.0
CAR_GASOLINE_PRIVATE;0.0;0.0;0.0
BUS_GASOLINE_PRIVATE;0.0;0.0;0.0
PICKUP_TRUCK_GASOLINE_PRIVATE;0.0;0.0;0.0
SUV_GASOLINE_PRIVATE;0.0;0.0;0.0
MOTORCYCLE_GASOLINE_PRIVATE;0.0;0.0;0.0
CAR_GASOLINE_PUBLIC;0.0;0.0;0.0
BUS_GASOLINE_PUBLIC;0.0;0.0;0.0
PICKUP_TRUCK_GASOLINE_PUBLIC;0.0;0.0;0.0
SUV_GASOLINE_PUBLIC;0.0;0.0;0.0
MOTORCYCLE_GASOLINE_PUBLIC;0.0;0.0;0.0
CAR_DIESEL_PRIVATE;0.0;0.0;0.0
BUS_DIESEL_PRIVATE;0.0;0.0;0.0
PICKUP_TRUCK_DIESEL_PRIVATE;0.0;0.0;0.0
SUV_DIESEL_PRIVATE;0.0;0.0;0.0
MOTORCYCLE_DIESEL_PRIVATE;0.0;0.0;0.0
CAR_DIESEL_PUBLIC;0.0;0.0;0.0
BUS_DIESEL_PUBLIC;0.0;0.0;0.0
PICKUP_TRUCK_DIESEL_PUBLIC;0.0;0.0;0.0
SUV_DIESEL_PUBLIC;0.0;0.0;0.0
MOTORCYCLE_DIESEL_PUBLIC;0.0;0.0;0.0
TRUCK_FG;0.0;0.0;0.0
VAN_FG;0.0;0.0;0.0
CARGO_MOTORCYCLE_FG;0.0;0.0;0.0
TRUCK_GASOLINE;0.0;0.0;0.0
VAN_GASOLINE;0.0;0.0;0.0
CARGO_MOTORCYCLE_GASOLINE;0.0;0.0;0.0
TRUCK_DIESEL_P;0.0;0.0;0.0
VAN_DIESEL;0.0;0.0;0.0
CARGO_MOTORCYCLE_DIESEL;0.0;0.0;0.0
CONVENTIONAL_BULB;0.00010117772605518896;0.0;0.0
LED_BULB;0.0001095585368518386;0.0;0.0
CONVENTIONAL_LIGHT;0.013636749121783667;0.05042756252194543;0.0
LED_LIGHT;0.0015559670073058728;0.0018861806501715495;0.0
REFRIGERATOR_EL;0.0;0.0;0.0
COMM_MACHINERY_DIESEL;8.267550631771382e-05;1.1354742622589679e-05;0.0
COMM_MACHINERY_EL;8.39266339897427e-05;8.577730982674889e-06;0.0
IND_MACHINERY_EL;0.0;0.0;0.0
TRACTOR_DIESEL;0.0;0.0;0.0
AGR_MACHINERY_DIESEL;0.0;2.309402401064444e-06;0.0
AGR_MACHINERY_EL;0.0;0.0;0.0
MIN_MACHINERY_DIESEL;0.0;0.0;0.0
MIN_MACHINERY_EL;0.0;0.0;0.0
FISH_MACHINERY_DIESEL;0.0;0.0006711702766047598;0.0
FISH_MACHINERY_EL;0.0;0.0004728517227021998;0.0
TRACTOR_EL;0.0;0.0;0.0
BUS_ELEC_PUBLIC;0.0;0.0;0.0
BUS_ELEC_PRIVATE;0.0;0.0;0.0
PICKUP_TRUCK_ELEC_PUBLIC;0.0;0.0;0.0
PICKUP_TRUCK_ELEC_PRIVATE;0.0;0.0;0.0
SUV_ELEC_PUBLIC;0.0;0.0;0.0
SUV_ELEC_PRIVATE;0.0;0.0;0.0
MOTORCYCLE_ELEC_PUBLIC;0.0;0.0;0.0
MOTORCYCLE_ELEC_PRIVATE;0.0;0.0;0.0
VAN_ELEC;0.0;0.0;0.0
CARGO_MOTORCYCLE_ELEC;0.0;0.0;0.0
TRAIN_FREIGHT_ELEC;0.0;0.0;0.0
BOAT_FREIGHT_ELEC;0.0;0.0;0.0
FUEL_CELL;0.0;0.0;0.0
ETHANOL_TO_FUELS;0.0;0.0;0.0
BIO_HYDROLYSIS;0.0;0.0;0.0
PYROLYSIS_TO_FUELS;0.0;0.0;0.0
PYROLYSIS_TO_LFO;0.0;0.0;0.0
FB_ST_BIOMASS;0.0;0.0;0.0
CFB_ST_BIOMASS;0.0;0.0;0.0
BFB_ST_BIOMASS;0.0;0.0;0.0
REGASIFICATION;0.00039564503713251546;7.182566831186463e-05;0.0
LIQUEFACTION;0.0;0.0;0.0
DIESEL_PIPELINE;0.0;0.0;0.0
GASOLINE_PIPELINE;0.0;0.0;0.0
LPG_PIPELINE;0.0;0.0;0.0
LFO_PIPELINE;0.0;0.0;0.0
JET_FUEL_PIPELINE;0.0;0.0;0.0
SUV_ELEC_PRIVATE_BATT;0.0;0.0;0.0
MOTORCYCLE_ELEC_PRIVATE_BATT;0.0;0.0;0.0
BUS_ELEC_PUBLIC_BATT;0.0;0.0;0.0
ELECTRICITY;0.0;0.0;0.6874423475825668
GASOLINE;0.0;0.0;0.0
DIESEL;0.0;0.0;2.401885304063746
GASOLINE_RE;0.0;0.0;0.0
DIESEL_RE;0.0;0.0;0.0
LFO;0.0;0.0;0.0
LFO_RE;0.0;0.0;0.0
JET_FUEL;0.0;0.0;0.0
JET_FUEL_RE;0.0;0.0;0.0
GAS;0.0;0.0;0.0
GAS_RE;0.0;0.0;0.0
WOOD;0.0;0.0;0.00015402193229234086
WET_BIOMASS;0.0;0.0;0.0
ENERGY_CROPS_2;0.0;0.0;0.0
BIOWASTE;0.0;0.0;0.0
BIOMASS_RESIDUES;0.0;0.0;0.0
COAL;0.0;0.0;0.0
URANIUM;0.0;0.0;0.0
WASTE;0.0;0.0;0.0
H2;0.0;0.0;0.0
H2_RE;0.0;0.0;0.0
AMMONIA;0.0;0.0;0.0
METHANOL;0.0;0.0;0.0
AMMONIA_RE;0.0;0.0;0.0
METHANOL_RE;0.0;0.0;0.0
CO2_EMISSIONS;0.0;0.0;0.0
RES_WIND;0.0;0.0;0.0
RES_SOLAR;0.0;0.0;0.0
RES_HYDRO;0.0;0.0;0.0
RES_GEO;0.0;0.0;0.0
CO2_ATM;0.0;0.0;0.0
CO2_INDUSTRY;0.0;0.0;0.0
CO2_CAPTURED;0.0;0.0;0.0
PT_HEAT;0.0;0.0;0.0
ST_HEAT;0.0;0.0;0.0
LPG;0.0;0.0;3.671369780491968
LNG;0.0;0.0;0.0005161271380210411
CO2_EMISSIONS_CAPTURED;0.0;0.0;0.0
CO2_EMISSIONS_ATM;0.0;0.0;0.0
