Technologies param;c_p;fmin_perc;fmax_perc;f_min;f_max
NUCLEAR;0.843906;0;1;0;0
NUCLEAR_SMR;0.843906;0;1;0;0
CCGT_AMMONIA;0.9615;0;1;0;0
COAL_US;0.865396;0;1;0;0
COAL_IGCC;0.853432;0;1;0;0
BIOMASS_TO_POWER;0.868;0;1;0;0
PV_ROOFTOP;1;0;1;0;0
PV_UTILITY;1;0.00761908;0.027211;0.00519;0.005191
PV_HS;1.0;0;1;0;1000000000000000.0
PT_COLLECTOR;1;0;1;0;0
ST_COLLECTOR;1;0;1;0;0
PT_POWER_BLOCK;1;0;1;0;0
ST_POWER_BLOCK;1;0;1;0;0
WIND_ONSHORE;1;0;1;0;0
WIND_OFFSHORE;1;0;1;0;0
HYDRO_DAM;1;0;1;0;0
HYDRO_RIVER;1;0;1;0;0
TIDAL_STREAM;1;0;1;0;0
TIDAL_RANGE;1;0;1;0;0
WAVE;0.3995;0;1;0;0
GEOTHERMAL;0.914;0;1;0;0
GENSET_DIESEL;1;0.27238092;0.972789;0.05859;1.00E+15
OCGT;0.85;0;1;0;0
CCGT;0.85;0;1;0;0
ST_BIOMASS;0.868;0;1;0;0
ST_SNG;0;0;1;0.001;0.001
CCGT_SUR;0.85;0;1;0;0
IND_COGEN_GAS;0.8449;0;1;0;0
IND_COGEN_WOOD;0.8449;0;1;0;0
IND_COGEN_WASTE;0.8449;0;1;0;0
IND_BOILER_GAS;0.9443;0;1;0;0
IND_BOILER_WOOD;0.8946;0.273955186;0.978411377;0;1.00E+15
IND_BOILER_BIOWASTE;0.8946;0;1;0;0
IND_BOILER_OIL;0.9443;0.003770359;0.013465569;0;1.00E+15
IND_BOILER_COAL;0.8946;0;1;0;0
IND_BOILER_WASTE;0.8946;0;1;0;0
IND_DIRECT_ELEC;0.9443;0;1;0;0
DHN_HP_ELEC;0.9443;0;1;0;0
DHN_COGEN_GAS;0.8449;0;1;0;0
DHN_COGEN_WOOD;0.8449;0;1;0;0
DHN_COGEN_WASTE;0.8449;0;1;0;0
DHN_BOILER_GAS;0.9443;0;1;0;0
DHN_BOILER_WOOD;0.8946;0;1;0;0
DHN_BOILER_OIL;0.9443;0;1;0;0
DHN_DEEP_GEO;0.8449;0;1;0;0
DHN_SOLAR;1;0;1;0;0
DEC_HP_ELEC;1;0;1;0;0
DEC_THHP_GAS;1;0;1;0;0
DEC_COGEN_GAS;1;0;1;0;0
DEC_COGEN_OIL;1;0;1;0;0
DEC_ADVCOGEN_GAS;1;0;1;0;0
DEC_ADVCOGEN_H2;1;0;1;0;0
DEC_BOILER_GAS;1;0.007;0.025;0;1.00E+15
DEC_BOILER_WOOD;1;0;1;0;0
DEC_BOILER_OIL;1;0;1;0;0
DEC_SOLAR;1;0;1;0;0
DEC_DIRECT_ELEC;1;0.273;0.975;0;1.00E+15
DEC_ELEC_COLD;1;0;1;0;1.00E+15
DEC_THHP_GAS_COLD;1;0;1;0;0
IND_ELEC_COLD;0.95;0;1;0;1.00E+15
TRAMWAY_TROLLEY;0.342465753;0;1;0;0
BUS_COACH_DIESEL;0.483722222;0;1;0;0
BUS_COACH_HYDIESEL;0.483722222;0;1;0;0
BUS_COACH_CNG_STOICH;0.483722222;0;1;0;0
BUS_COACH_FC_HYBRIDH2;0.483722222;0;1;0;0
TRAIN_PUB;0.275072894;0;1;0;0
PLANE_SHORT_HAUL;0.4999;0;1;0;0
PLANE_H2_SHORT_HAUL;0.4999;0;1;0;0
PLANE_LONG_HAUL;0.5374;0;1;0;0
CAR_GASOLINE;0.1343125;0;1;0;0
CAR_DIESEL;0.1343125;0;1;0;0
CAR_NG;0.1343125;0;1;0;0
CAR_METHANOL;0.1343125;0;1;0;0
CAR_HEV;0.1343125;0;1;0;0
CAR_PHEV;0.1343125;0;1;0;0
CAR_BEV;0.1343125;0;1;0;0
CAR_FUEL_CELL;0.1343125;0;1;0;0
TRAIN_FREIGHT;0.342465753;0;1;0;0
BOAT_FREIGHT_DIESEL;0.114155251;0;1;0;1.00E+15
BOAT_FREIGHT_NG;0.114155251;0;1;0;0
BOAT_FREIGHT_METHANOL;0.114155251;0;1;0;0
CARGO_LFO;0.739666854;0;1;0;0
CARGO_LNG;0.739666854;0;1;0;0
CARGO_METHANOL;0.739666854;0;1;0;0
CARGO_AMMONIA;0.739666854;0;1;0;0
CARGO_FUELCELL_LH2;0.739666854;0;1;0;0
CARGO_FUELCELL_AMMONIA;0.739666854;0;1;0;0
CARGO_RETRO_METHANOL;0.739666854;0;1;0;0
CARGO_RETRO_AMMONIA;0.739666854;0;1;0;0
TRUCK_DIESEL;0.01805556;0;1;0;0
TRUCK_METHANOL;0.01805556;0;1;0;0
TRUCK_FUEL_CELL;0.01805556;0;1;0;0
TRUCK_ELEC;0.01805556;0;1;0;0
TRUCK_NG;0.01805556;0;1;0;0
EFFICIENCY;1;0;1;0;1.00E+15
DHN;1;0;1;0;0
GRID;1;0;1;0;1.00E+15
HVAC_LINE;1;0;1;0;1.00E+15
HVDC_SUBSEA;1;0;1;0;0
GAS_PIPELINE;1;0;1;0;1.00E+15
GAS_SUBSEA;1;0;1;0;0
H2_RETROFITTED;1;0;1;0;0
H2_NEW;1;0;1;0;0
H2_SUBSEA_RETRO;1;0;1;0;0
H2_SUBSEA_NEW;1;0;1;0;0
H2_ELECTROLYSIS;0.8946;0;1;0;0
H2_NG;0.85484;0;1;0;0
H2_BIOMASS;0.85484;0;1;0;0
BIOMASS_TO_METHANE;0.85;0;1;0;0
BIOWASTE_TO_METHANE;0.85;0;1;0;0
SYN_METHANATION;1;0;1;0;0
BIOMETHANATION_WET_BIOMASS;0.8449;0;1;0;0
BIOMETHANATION_BIOWASTE;0.8449;0;1;0;0
BIOMASS_TO_GASOLINE;0.91;0;1;0;0
BIOMASS_TO_DIESEL;0.91;0;1;0;0
BIOMASS_TO_JET_FUEL;0.91;0;1;0;0
BIOMASS_TO_LFO;0.91;0;1;0;0
BIOWASTE_TO_GASOLINE;0.91;0;1;0;0
BIOWASTE_TO_DIESEL;0.91;0;1;0;0
BIOWASTE_TO_JET_FUEL;0.91;0;1;0;0
BIOWASTE_TO_LFO;0.91;0;1;0;0
DIESEL_TO_JET_FUEL;1;0;1;0;0
ATM_CCS;1;0;1;0;0
INDUSTRY_CCS;1;0;1;0;0
SYN_METHANOLATION;0.9443;0;1;0;0
METHANE_TO_METHANOL;0.8449;0;1;0;0
BIOMASS_TO_METHANOL;0.994;0;1;0;0
BIOWASTE_TO_METHANOL;1;0;1;0;0
HABER_BOSCH;0.994;0;1;0;0
POWER_TO_GASOLINE;0.91;0;1;0;0
POWER_TO_DIESEL;0.91;0;1;0;0
POWER_TO_JET_FUEL;0.91;0;1;0;0
POWER_TO_LFO;0.91;0;1;0;0
H2_TO_GASOLINE;0.91;0;1;0;0
H2_TO_DIESEL;0.91;0;1;0;0
H2_TO_JET_FUEL;0.91;0;1;0;0
H2_TO_LFO;0.91;0;1;0;0
AMMONIA_TO_H2;0.994;0;1;0;0
OIL_TO_HVC;0.994;0;1;0;1.00E+15
GAS_TO_HVC;0.994;0;1;0;0
BIOMASS_TO_HVC;0.994;0;1;0;0
METHANOL_TO_HVC;1;0;1;0;0
BATT_LI;1;0;1;0;1.00E+15
CAES;1;0;1;0;0
BEV_BATT;1;0;1;0;0
PHEV_BATT;1;0;1;0;0
DAM_STORAGE;1;0;1;0;0
PHS;1;0;1;0;0
TS_DEC_DIRECT_ELEC;1;0;1;0;0
TS_DEC_HP_ELEC;1;0;1;0;0
TS_DEC_THHP_GAS;1;0;1;0;0
TS_DEC_COGEN_GAS;1;0;1;0;0
TS_DEC_COGEN_OIL;1;0;1;0;0
TS_DEC_ADVCOGEN_GAS;1;0;1;0;0
TS_DEC_ADVCOGEN_H2;1;0;1;0;0
TS_DEC_BOILER_GAS;1;0;1;0;0
TS_DEC_BOILER_WOOD;1;0;1;0;0
TS_DEC_BOILER_OIL;1;0;1;0;0
TS_DHN_DAILY;1;0;1;0;0
TS_DHN_SEASONAL;1;0;1;0;0
TS_HIGH_TEMP;1;0;1;0;0
GAS_STORAGE;1;0;1;0;0
H2_STORAGE;1;0;1;0;0
DIESEL_STORAGE;1;0;1;38.553119;38.55312
JET_FUEL_STORAGE;1;0;1;1.416625;1.416626
GASOLINE_STORAGE;1;0;1;35.688363;35.688364
LFO_STORAGE;1;0;1;0;0
AMMONIA_STORAGE;1;0;1;0;0
METHANOL_STORAGE;1;0;1;0;0
PT_STORAGE;1;0;1;0;0
ST_STORAGE;1;0;1;0;0
TS_COLD;1;0;1;0;0
CO2_STORAGE;1;0;1;0;0
STOVE_WOOD;0.1875;0.016343225;0.05836866;0;1.00E+15
STOVE_LPG;0.1875;0.257122488;0.9182946;0;1.00E+15
STOVE_NG;0.1875;0.004909635;0.017534412;0;1.00E+15
STOVE_OIL;0.1875;0.001624652;0.005802328;0;1.00E+15
STOVE_ELEC;0.1875;0;1;0;0
PLANE;0.114155251;0;1;0;1.00E+15
FERMENTATION_TO_BIOETHANOL;0.92;0;1;0;0
ESTERIFICATION_TO_BIODIESEL;0.8449;0;1;0;0
IND_BOILER_DIESEL;0.9;0.002274455;0.008123054;0;1.00E+15
IND_BOILER_LPG;0.9443;0;1;0;0
LPG_STORAGE;1;0;1;0.655916;0.655916667
LNG_STORAGE;1;0;1;3.423999;3.424
CAR_FG_PRIVATE;0.1343125;0;0;0;0
BUS_FG_PRIVATE;0.48372222;0;0;0;0
PICKUP_TRUCK_FG_PRIVATE;0.1343125;0;0;0;0
SUV_FG_PRIVATE;0.1343125;0;0;0;0
MOTORCYCLE_FG_PRIVATE;0.01989583;0;0;0;0
CAR_FG_PUBLIC;0.1343125;0;0;0;0
BUS_FG_PUBLIC;0.48372222;0;0;0;0
PICKUP_TRUCK_FG_PUBLIC;0.1343125;0;0;0;0
SUV_FG_PUBLIC;0.1343125;0;0;0;0
MOTORCYCLE_FG_PUBLIC;0.01989583;0;0;0;0
CAR_GASOLINE_PRIVATE;0.1343125;0.028841586;0.103005665;0;1.00E+15
BUS_GASOLINE_PRIVATE;0.48372222;0;0;0;1.00E+15
PICKUP_TRUCK_GASOLINE_PRIVATE;0.1343125;0.012479259;0.044568782;0;1.00E+15
SUV_GASOLINE_PRIVATE;0.1343125;0.020478614;0.073137907;0;1.00E+15
MOTORCYCLE_GASOLINE_PRIVATE;0.01989583;0.214779936;0.7670712;0;1.00E+15
CAR_GASOLINE_PUBLIC;0.1343125;0;0;0;1.00E+15
BUS_GASOLINE_PUBLIC;0.48372222;0.245677294;0.877418907;0;1.00E+15
PICKUP_TRUCK_GASOLINE_PUBLIC;0.1343125;0;0;0;1.00E+15
SUV_GASOLINE_PUBLIC;0.1343125;0;0;0;1.00E+15
MOTORCYCLE_GASOLINE_PUBLIC;0.01989583;0;0;0;1.00E+15
CAR_DIESEL_PRIVATE;0.1343125;0.000676551;0.002416255;0;1.00E+15
BUS_DIESEL_PRIVATE;0.48372222;0;0;0;1.00E+15
PICKUP_TRUCK_DIESEL_PRIVATE;0.1343125;0.002288584;0.008173514;0;1.00E+15
SUV_DIESEL_PRIVATE;0.1343125;0.000455469;0.001626677;0;1.00E+15
MOTORCYCLE_DIESEL_PRIVATE;0.01989583;0;0;0;1.00E+15
CAR_DIESEL_PUBLIC;0.1343125;0;0;0;1.00E+15
BUS_DIESEL_PUBLIC;0.48372222;0.034322706;0.122581094;0;1.00E+15
PICKUP_TRUCK_DIESEL_PUBLIC;0.1343125;0;0;0;0
SUV_DIESEL_PUBLIC;0.1343125;0;0;0;0
MOTORCYCLE_DIESEL_PUBLIC;0.01989583;0;0;0;0
TRUCK_FG;0.01805556;0;0;0;0
VAN_FG;0.0203125;0;0;0;0
CARGO_MOTORCYCLE_FG;0.01075;0;0;0;0
TRUCK_GASOLINE;0.01805556;0.105175217;0.375625776;0;1.00E+15
VAN_GASOLINE;0.0203125;0.205038685;0.732281017;0;1.00E+15
CARGO_MOTORCYCLE_GASOLINE;0.01075;0;0;0;0
TRUCK_DIESEL_P;0.01805556;0.174824783;0.624374224;0;1.00E+15
VAN_DIESEL;0.0203125;0.074961315;0.267718983;0;1.00E+15
CARGO_MOTORCYCLE_DIESEL;0.01075;0;0;0;0
CONVENTIONAL_BULB;1;0.220602273;0.787865261;0;1.00E+15
LED_BULB;1;0.059397727;0.212134739;0;1.00E+15
CONVENTIONAL_LIGHT;1;0;1;0;1.00E+15
LED_LIGHT;1;0;1;0;0
REFRIGERATOR_EL;1;0;1;0;1.00E+15
COMM_MACHINERY_DIESEL;1;0;1;0;1.00E+15
COMM_MACHINERY_EL;1;0;1;0;0
IND_MACHINERY_EL;1;0;1;0;0
TRACTOR_DIESEL;1;0;1;0;1.00E+15
AGR_MACHINERY_DIESEL;1;0;1;0;1.00E+15
AGR_MACHINERY_EL;1;0;1;0;0
MIN_MACHINERY_DIESEL;1;0;1;0;1.00E+15
MIN_MACHINERY_EL;1;0;1;0;0
FISH_MACHINERY_DIESEL;1;0.268996528;0.960701884;0;1.00E+15
FISH_MACHINERY_EL;1;0.011003472;0.039298116;0;1.00E+15
TRACTOR_EL;1;0;1;0;0
BUS_ELEC_PUBLIC;0.48372222;0;1;0;0
BUS_ELEC_PRIVATE;0.48372222;0;1;0;0
PICKUP_TRUCK_ELEC_PUBLIC;0;0;1;0;0
PICKUP_TRUCK_ELEC_PRIVATE;0;0;1;0;0
SUV_ELEC_PUBLIC;0.1343125;0;1;0;0
SUV_ELEC_PRIVATE;0.1343125;0;1;0;0
MOTORCYCLE_ELEC_PUBLIC;0.01989583;0;1;0;0
MOTORCYCLE_ELEC_PRIVATE;0.01989583;0;1;0;0
VAN_ELEC;0;0;1;0;0
CARGO_MOTORCYCLE_ELEC;0.0203125;0;1;0;0
TRAIN_FREIGHT_ELEC;0.342465753;0;1;0;0
BOAT_FREIGHT_ELEC;0.114155251;0;1;0;0
FUEL_CELL;1;0;1;0;0
ETHANOL_TO_FUELS;0.95;0;1;0;0
BIO_HYDROLYSIS;0.8449;0;1;0;0
PYROLYSIS_TO_FUELS;0.8449;0;1;0;0
PYROLYSIS_TO_LFO;0.8449;0;1;0;0
FB_ST_BIOMASS;0.409994599;0;1;0;0
CFB_ST_BIOMASS;0.409994599;0;1;0;0
BFB_ST_BIOMASS;0.409994599;0;1;0;0
REGASIFICATION;1;0;1;0.0008114;0.0008115
LIQUEFACTION;1;0;1;0;0
DIESEL_PIPELINE;1;0;1;0;1.00E+15
GASOLINE_PIPELINE;1;0;1;0;1.00E+15
LPG_PIPELINE;1;0;1;0;1.00E+15
LFO_PIPELINE;1;0;1;0;1.00E+15
JET_FUEL_PIPELINE;1;0;1;0;1.00E+15
SUV_ELEC_PRIVATE_BATT;1;0;1;0;0
MOTORCYCLE_ELEC_PRIVATE_BATT;1;0;1;0;0
BUS_ELEC_PUBLIC_BATT;1;0;1;0;0
